facility_id,name,candidate_type,candidate_value,confidence,role,candidate_source_url,raw_sha256,review_status
nca_042,Baxter Springs City Soldiers' Lot,phone,913-727-1376,low,possibly_non_primary,https://www.cem.va.gov/cems/lots/BaxterSprings.asp,469191d4115e0db9a4642593a62d6ba3a7631519104d523ec6f2c0a877c06da6,candidate_not_approved
nca_042,Baxter Springs City Soldiers' Lot,phone,913-727-1905,low,possibly_non_primary,https://www.cem.va.gov/cems/lots/BaxterSprings.asp,469191d4115e0db9a4642593a62d6ba3a7631519104d523ec6f2c0a877c06da6,candidate_not_approved
nca_042,Baxter Springs City Soldiers' Lot,phone,866-900-6417,low,national_or_shared,https://www.cem.va.gov/cems/lots/BaxterSprings.asp,469191d4115e0db9a4642593a62d6ba3a7631519104d523ec6f2c0a877c06da6,candidate_not_approved
nca_042,Baxter Springs City Soldiers' Lot,phone,800-535-1117,low,national_or_shared,https://www.cem.va.gov/cems/lots/BaxterSprings.asp,469191d4115e0db9a4642593a62d6ba3a7631519104d523ec6f2c0a877c06da6,candidate_not_approved
nca_042,Baxter Springs City Soldiers' Lot,phone,800-799-4889,low,national_or_shared,https://www.cem.va.gov/cems/lots/BaxterSprings.asp,469191d4115e0db9a4642593a62d6ba3a7631519104d523ec6f2c0a877c06da6,candidate_not_approved
nca_042,Baxter Springs City Soldiers' Lot,hours,HOURS Visitation Hours: Open daily from sunrise to sunset.,medium,facility_hours_candidate,https://www.cem.va.gov/cems/lots/BaxterSprings.asp,469191d4115e0db9a4642593a62d6ba3a7631519104d523ec6f2c0a877c06da6,candidate_not_approved
nca_042,Baxter Springs City Soldiers' Lot,hours,Office Hours: Monday thru Friday 7:30 a.m.,medium,facility_hours_candidate,https://www.cem.va.gov/cems/lots/BaxterSprings.asp,469191d4115e0db9a4642593a62d6ba3a7631519104d523ec6f2c0a877c06da6,candidate_not_approved
nca_042,Baxter Springs City Soldiers' Lot,hours,Closed federal holidays except Memorial Day.,low,facility_hours_candidate,https://www.cem.va.gov/cems/lots/BaxterSprings.asp,469191d4115e0db9a4642593a62d6ba3a7631519104d523ec6f2c0a877c06da6,candidate_not_approved
nca_054,Congressional Cemetery Government Lots,phone,410-644-9696,low,possibly_non_primary,https://www.cem.va.gov/cems/lots/Congressional.asp,871c7b21e5bc566aedc476548574b0dcb412e84cc7ab25ef466a15ca7158fc37,candidate_not_approved
nca_054,Congressional Cemetery Government Lots,phone,410-644-1563,low,possibly_non_primary,https://www.cem.va.gov/cems/lots/Congressional.asp,871c7b21e5bc566aedc476548574b0dcb412e84cc7ab25ef466a15ca7158fc37,candidate_not_approved
nca_054,Congressional Cemetery Government Lots,phone,866-900-6417,low,national_or_shared,https://www.cem.va.gov/cems/lots/Congressional.asp,871c7b21e5bc566aedc476548574b0dcb412e84cc7ab25ef466a15ca7158fc37,candidate_not_approved
nca_054,Congressional Cemetery Government Lots,phone,800-535-1117,low,national_or_shared,https://www.cem.va.gov/cems/lots/Congressional.asp,871c7b21e5bc566aedc476548574b0dcb412e84cc7ab25ef466a15ca7158fc37,candidate_not_approved
nca_054,Congressional Cemetery Government Lots,phone,202-543-0539,medium,facility_contact_candidate,https://www.cem.va.gov/cems/lots/Congressional.asp,871c7b21e5bc566aedc476548574b0dcb412e84cc7ab25ef466a15ca7158fc37,candidate_not_approved
nca_054,Congressional Cemetery Government Lots,phone,800-799-4889,low,national_or_shared,https://www.cem.va.gov/cems/lots/Congressional.asp,871c7b21e5bc566aedc476548574b0dcb412e84cc7ab25ef466a15ca7158fc37,candidate_not_approved
nca_054,Congressional Cemetery Government Lots,hours,HOURS Visitation Hours: Open daily from sunrise to sunset.,medium,facility_hours_candidate,https://www.cem.va.gov/cems/lots/Congressional.asp,871c7b21e5bc566aedc476548574b0dcb412e84cc7ab25ef466a15ca7158fc37,candidate_not_approved
nca_054,Congressional Cemetery Government Lots,hours,Office Hours: This cemetery is supervised by Baltimore National Cemetery.,medium,facility_hours_candidate,https://www.cem.va.gov/cems/lots/Congressional.asp,871c7b21e5bc566aedc476548574b0dcb412e84cc7ab25ef466a15ca7158fc37,candidate_not_approved
nca_055,Evergreen Cemetery Soldiers' Lot,phone,859-885-5727,low,possibly_non_primary,https://www.cem.va.gov/cems/lots/Evergreen.asp,d417c39db29078728a2ede6e8d25ede0909a847e24d9b598428c52f53c71093e,candidate_not_approved
nca_055,Evergreen Cemetery Soldiers' Lot,phone,859-887-4860,low,possibly_non_primary,https://www.cem.va.gov/cems/lots/Evergreen.asp,d417c39db29078728a2ede6e8d25ede0909a847e24d9b598428c52f53c71093e,candidate_not_approved
nca_055,Evergreen Cemetery Soldiers' Lot,phone,866-900-6417,low,national_or_shared,https://www.cem.va.gov/cems/lots/Evergreen.asp,d417c39db29078728a2ede6e8d25ede0909a847e24d9b598428c52f53c71093e,candidate_not_approved
nca_055,Evergreen Cemetery Soldiers' Lot,phone,800-535-1117,low,national_or_shared,https://www.cem.va.gov/cems/lots/Evergreen.asp,d417c39db29078728a2ede6e8d25ede0909a847e24d9b598428c52f53c71093e,candidate_not_approved
nca_055,Evergreen Cemetery Soldiers' Lot,phone,270-692-3390,medium,facility_contact_candidate,https://www.cem.va.gov/cems/lots/Evergreen.asp,d417c39db29078728a2ede6e8d25ede0909a847e24d9b598428c52f53c71093e,candidate_not_approved
nca_055,Evergreen Cemetery Soldiers' Lot,phone,800-799-4889,low,national_or_shared,https://www.cem.va.gov/cems/lots/Evergreen.asp,d417c39db29078728a2ede6e8d25ede0909a847e24d9b598428c52f53c71093e,candidate_not_approved
nca_055,Evergreen Cemetery Soldiers' Lot,hours,HOURS Visitation Hours: Open daily from sunrise to sunset.,medium,facility_hours_candidate,https://www.cem.va.gov/cems/lots/Evergreen.asp,d417c39db29078728a2ede6e8d25ede0909a847e24d9b598428c52f53c71093e,candidate_not_approved
nca_055,Evergreen Cemetery Soldiers' Lot,hours,Office Hours: Monday thru Friday 8:00 a.m.,medium,facility_hours_candidate,https://www.cem.va.gov/cems/lots/Evergreen.asp,d417c39db29078728a2ede6e8d25ede0909a847e24d9b598428c52f53c71093e,candidate_not_approved
nca_058,Forest Lawn Cemetery Soldiers' Lot,phone,402-253-3949,low,possibly_non_primary,https://www.cem.va.gov/cems/lots/ForestLawn.asp,4b0b3bd83c414c0a821d18b91ed25b5c273f9030224ee39dcc6e58e159fbba3a,candidate_not_approved
nca_058,Forest Lawn Cemetery Soldiers' Lot,phone,866-900-6417,low,national_or_shared,https://www.cem.va.gov/cems/lots/ForestLawn.asp,4b0b3bd83c414c0a821d18b91ed25b5c273f9030224ee39dcc6e58e159fbba3a,candidate_not_approved
nca_058,Forest Lawn Cemetery Soldiers' Lot,phone,800-535-1117,low,national_or_shared,https://www.cem.va.gov/cems/lots/ForestLawn.asp,4b0b3bd83c414c0a821d18b91ed25b5c273f9030224ee39dcc6e58e159fbba3a,candidate_not_approved
nca_058,Forest Lawn Cemetery Soldiers' Lot,phone,402-451-1000,low,possibly_non_primary,https://www.cem.va.gov/cems/lots/ForestLawn.asp,4b0b3bd83c414c0a821d18b91ed25b5c273f9030224ee39dcc6e58e159fbba3a,candidate_not_approved
nca_058,Forest Lawn Cemetery Soldiers' Lot,phone,402-451-8960,low,possibly_non_primary,https://www.cem.va.gov/cems/lots/ForestLawn.asp,4b0b3bd83c414c0a821d18b91ed25b5c273f9030224ee39dcc6e58e159fbba3a,candidate_not_approved
nca_058,Forest Lawn Cemetery Soldiers' Lot,phone,800-799-4889,low,national_or_shared,https://www.cem.va.gov/cems/lots/ForestLawn.asp,4b0b3bd83c414c0a821d18b91ed25b5c273f9030224ee39dcc6e58e159fbba3a,candidate_not_approved
nca_058,Forest Lawn Cemetery Soldiers' Lot,hours,HOURS Office Hours: Monday thru Friday 8:00 a.m.,medium,facility_hours_candidate,https://www.cem.va.gov/cems/lots/ForestLawn.asp,4b0b3bd83c414c0a821d18b91ed25b5c273f9030224ee39dcc6e58e159fbba3a,candidate_not_approved
nca_058,Forest Lawn Cemetery Soldiers' Lot,hours,Closed federal holidays except Memorial Day.,low,facility_hours_candidate,https://www.cem.va.gov/cems/lots/ForestLawn.asp,4b0b3bd83c414c0a821d18b91ed25b5c273f9030224ee39dcc6e58e159fbba3a,candidate_not_approved
nca_058,Forest Lawn Cemetery Soldiers' Lot,hours,Visitation Hours: Open daily from sunrise to sunset.,medium,facility_hours_candidate,https://www.cem.va.gov/cems/lots/ForestLawn.asp,4b0b3bd83c414c0a821d18b91ed25b5c273f9030224ee39dcc6e58e159fbba3a,candidate_not_approved
nca_059,Fort Crawford Cemetery Soldiers' Lot,phone,414-382-5300,low,possibly_non_primary,https://www.cem.va.gov/cems/lots/Fort_Crawford.asp,430883f31be3bdf5517feec1718613794f6be4bf58efded91524309693f8d582,candidate_not_approved
nca_059,Fort Crawford Cemetery Soldiers' Lot,phone,414-382-5321,low,possibly_non_primary,https://www.cem.va.gov/cems/lots/Fort_Crawford.asp,430883f31be3bdf5517feec1718613794f6be4bf58efded91524309693f8d582,candidate_not_approved
nca_059,Fort Crawford Cemetery Soldiers' Lot,phone,866-900-6417,low,national_or_shared,https://www.cem.va.gov/cems/lots/Fort_Crawford.asp,430883f31be3bdf5517feec1718613794f6be4bf58efded91524309693f8d582,candidate_not_approved
nca_059,Fort Crawford Cemetery Soldiers' Lot,phone,800-535-1117,low,national_or_shared,https://www.cem.va.gov/cems/lots/Fort_Crawford.asp,430883f31be3bdf5517feec1718613794f6be4bf58efded91524309693f8d582,candidate_not_approved
nca_059,Fort Crawford Cemetery Soldiers' Lot,phone,800-799-4889,low,national_or_shared,https://www.cem.va.gov/cems/lots/Fort_Crawford.asp,430883f31be3bdf5517feec1718613794f6be4bf58efded91524309693f8d582,candidate_not_approved
nca_059,Fort Crawford Cemetery Soldiers' Lot,hours,HOURS Visitation Hours: Open daily from sunrise to sunset.,medium,facility_hours_candidate,https://www.cem.va.gov/cems/lots/Fort_Crawford.asp,430883f31be3bdf5517feec1718613794f6be4bf58efded91524309693f8d582,candidate_not_approved
nca_059,Fort Crawford Cemetery Soldiers' Lot,hours,Office Hours: Monday through Friday 8:00 a.m.,medium,facility_hours_candidate,https://www.cem.va.gov/cems/lots/Fort_Crawford.asp,430883f31be3bdf5517feec1718613794f6be4bf58efded91524309693f8d582,candidate_not_approved
nca_059,Fort Crawford Cemetery Soldiers' Lot,hours,Closed federal holidays except Memorial Day.,low,facility_hours_candidate,https://www.cem.va.gov/cems/lots/Fort_Crawford.asp,430883f31be3bdf5517feec1718613794f6be4bf58efded91524309693f8d582,candidate_not_approved
nca_061,Green Mount Cemetery Soldiers' Lot,phone,508-563-7113,low,possibly_non_primary,https://www.cem.va.gov/cems/lots/Green_Mount.asp,403e931a07705d611a24ffa80a62304b717897e9e70a323d2a8aa5e921ba1c0a,candidate_not_approved
nca_061,Green Mount Cemetery Soldiers' Lot,phone,508-564-9946,low,possibly_non_primary,https://www.cem.va.gov/cems/lots/Green_Mount.asp,403e931a07705d611a24ffa80a62304b717897e9e70a323d2a8aa5e921ba1c0a,candidate_not_approved
nca_061,Green Mount Cemetery Soldiers' Lot,phone,866-900-6417,low,national_or_shared,https://www.cem.va.gov/cems/lots/Green_Mount.asp,403e931a07705d611a24ffa80a62304b717897e9e70a323d2a8aa5e921ba1c0a,candidate_not_approved
nca_061,Green Mount Cemetery Soldiers' Lot,phone,800-535-1117,low,national_or_shared,https://www.cem.va.gov/cems/lots/Green_Mount.asp,403e931a07705d611a24ffa80a62304b717897e9e70a323d2a8aa5e921ba1c0a,candidate_not_approved
nca_061,Green Mount Cemetery Soldiers' Lot,phone,802-223-5352,medium,facility_contact_candidate,https://www.cem.va.gov/cems/lots/Green_Mount.asp,403e931a07705d611a24ffa80a62304b717897e9e70a323d2a8aa5e921ba1c0a,candidate_not_approved
nca_061,Green Mount Cemetery Soldiers' Lot,phone,800-799-4889,low,national_or_shared,https://www.cem.va.gov/cems/lots/Green_Mount.asp,403e931a07705d611a24ffa80a62304b717897e9e70a323d2a8aa5e921ba1c0a,candidate_not_approved
nca_061,Green Mount Cemetery Soldiers' Lot,hours,HOURS Office Hours: Monday thru Friday 8:00 a.m.,medium,facility_hours_candidate,https://www.cem.va.gov/cems/lots/Green_Mount.asp,403e931a07705d611a24ffa80a62304b717897e9e70a323d2a8aa5e921ba1c0a,candidate_not_approved
nca_061,Green Mount Cemetery Soldiers' Lot,hours,Closed federal holidays except Memorial Day.,low,facility_hours_candidate,https://www.cem.va.gov/cems/lots/Green_Mount.asp,403e931a07705d611a24ffa80a62304b717897e9e70a323d2a8aa5e921ba1c0a,candidate_not_approved
nca_061,Green Mount Cemetery Soldiers' Lot,hours,Visitation Hours: Open daily from sunrise to sunset.,medium,facility_hours_candidate,https://www.cem.va.gov/cems/lots/Green_Mount.asp,403e931a07705d611a24ffa80a62304b717897e9e70a323d2a8aa5e921ba1c0a,candidate_not_approved
nca_062,Lakeside Cemetery Soldiers' Lot,phone,810-987-6000,low,possibly_non_primary,https://www.cem.va.gov/cems/lots/Lakeside.asp,075643540786092cad85249fcc9f98ba79f7169b2e70b746b2f225d5a0f46c23,candidate_not_approved
nca_062,Lakeside Cemetery Soldiers' Lot,phone,810-982-7872,low,possibly_non_primary,https://www.cem.va.gov/cems/lots/Lakeside.asp,075643540786092cad85249fcc9f98ba79f7169b2e70b746b2f225d5a0f46c23,candidate_not_approved
nca_062,Lakeside Cemetery Soldiers' Lot,phone,810-984-9725,medium,facility_contact_candidate,https://www.cem.va.gov/cems/lots/Lakeside.asp,075643540786092cad85249fcc9f98ba79f7169b2e70b746b2f225d5a0f46c23,candidate_not_approved
nca_062,Lakeside Cemetery Soldiers' Lot,phone,866-900-6417,low,national_or_shared,https://www.cem.va.gov/cems/lots/Lakeside.asp,075643540786092cad85249fcc9f98ba79f7169b2e70b746b2f225d5a0f46c23,candidate_not_approved
nca_062,Lakeside Cemetery Soldiers' Lot,phone,800-535-1117,low,national_or_shared,https://www.cem.va.gov/cems/lots/Lakeside.asp,075643540786092cad85249fcc9f98ba79f7169b2e70b746b2f225d5a0f46c23,candidate_not_approved
nca_062,Lakeside Cemetery Soldiers' Lot,phone,800-799-4889,low,national_or_shared,https://www.cem.va.gov/cems/lots/Lakeside.asp,075643540786092cad85249fcc9f98ba79f7169b2e70b746b2f225d5a0f46c23,candidate_not_approved
nca_062,Lakeside Cemetery Soldiers' Lot,hours,HOURS Visitation Hours: Open daily from sunrise to sunset.,medium,facility_hours_candidate,https://www.cem.va.gov/cems/lots/Lakeside.asp,075643540786092cad85249fcc9f98ba79f7169b2e70b746b2f225d5a0f46c23,candidate_not_approved
nca_062,Lakeside Cemetery Soldiers' Lot,hours,"Office Hours: Monday through Friday, 7:00 a.m.",medium,facility_hours_candidate,https://www.cem.va.gov/cems/lots/Lakeside.asp,075643540786092cad85249fcc9f98ba79f7169b2e70b746b2f225d5a0f46c23,candidate_not_approved
nca_062,Lakeside Cemetery Soldiers' Lot,hours,Closed federal holidays.,low,facility_hours_candidate,https://www.cem.va.gov/cems/lots/Lakeside.asp,075643540786092cad85249fcc9f98ba79f7169b2e70b746b2f225d5a0f46c23,candidate_not_approved
nca_063,Mound Cemetery Soldiers' Lot,phone,414-382-5300,low,possibly_non_primary,https://www.cem.va.gov/cems/lots/Mound.asp,188728fcc2ad2b391a38815b074c8ac4c4d7c41cf3c202eaa1b679007cf36c08,candidate_not_approved
nca_063,Mound Cemetery Soldiers' Lot,phone,414-382-5321,low,possibly_non_primary,https://www.cem.va.gov/cems/lots/Mound.asp,188728fcc2ad2b391a38815b074c8ac4c4d7c41cf3c202eaa1b679007cf36c08,candidate_not_approved
nca_063,Mound Cemetery Soldiers' Lot,phone,866-900-6417,low,national_or_shared,https://www.cem.va.gov/cems/lots/Mound.asp,188728fcc2ad2b391a38815b074c8ac4c4d7c41cf3c202eaa1b679007cf36c08,candidate_not_approved
nca_063,Mound Cemetery Soldiers' Lot,phone,800-535-1117,low,national_or_shared,https://www.cem.va.gov/cems/lots/Mound.asp,188728fcc2ad2b391a38815b074c8ac4c4d7c41cf3c202eaa1b679007cf36c08,candidate_not_approved
nca_063,Mound Cemetery Soldiers' Lot,phone,262-636-9188,low,possibly_non_primary,https://www.cem.va.gov/cems/lots/Mound.asp,188728fcc2ad2b391a38815b074c8ac4c4d7c41cf3c202eaa1b679007cf36c08,candidate_not_approved
nca_063,Mound Cemetery Soldiers' Lot,phone,262-635-3338,low,possibly_non_primary,https://www.cem.va.gov/cems/lots/Mound.asp,188728fcc2ad2b391a38815b074c8ac4c4d7c41cf3c202eaa1b679007cf36c08,candidate_not_approved
nca_063,Mound Cemetery Soldiers' Lot,phone,800-799-4889,low,national_or_shared,https://www.cem.va.gov/cems/lots/Mound.asp,188728fcc2ad2b391a38815b074c8ac4c4d7c41cf3c202eaa1b679007cf36c08,candidate_not_approved
nca_063,Mound Cemetery Soldiers' Lot,hours,HOURS Visitation Hours: Open daily from sunrise to sunset.,medium,facility_hours_candidate,https://www.cem.va.gov/cems/lots/Mound.asp,188728fcc2ad2b391a38815b074c8ac4c4d7c41cf3c202eaa1b679007cf36c08,candidate_not_approved
nca_063,Mound Cemetery Soldiers' Lot,hours,Office Hours: Monday through Friday 8:00 a.m.,medium,facility_hours_candidate,https://www.cem.va.gov/cems/lots/Mound.asp,188728fcc2ad2b391a38815b074c8ac4c4d7c41cf3c202eaa1b679007cf36c08,candidate_not_approved
nca_063,Mound Cemetery Soldiers' Lot,hours,Closed federal holidays except Memorial Day.,low,facility_hours_candidate,https://www.cem.va.gov/cems/lots/Mound.asp,188728fcc2ad2b391a38815b074c8ac4c4d7c41cf3c202eaa1b679007cf36c08,candidate_not_approved
nca_064,Mound City Cemetery Soldiers' Lot,phone,913-727-1376,low,possibly_non_primary,https://www.cem.va.gov/cems/lots/MoundCity.asp,6a19754283aa2c5682801a3c3de0f08c5464976bf667757c57aa9744a42d8403,candidate_not_approved
nca_064,Mound City Cemetery Soldiers' Lot,phone,913-727-1905,low,possibly_non_primary,https://www.cem.va.gov/cems/lots/MoundCity.asp,6a19754283aa2c5682801a3c3de0f08c5464976bf667757c57aa9744a42d8403,candidate_not_approved
nca_064,Mound City Cemetery Soldiers' Lot,phone,866-900-6417,low,national_or_shared,https://www.cem.va.gov/cems/lots/MoundCity.asp,6a19754283aa2c5682801a3c3de0f08c5464976bf667757c57aa9744a42d8403,candidate_not_approved
nca_064,Mound City Cemetery Soldiers' Lot,phone,800-535-1117,low,national_or_shared,https://www.cem.va.gov/cems/lots/MoundCity.asp,6a19754283aa2c5682801a3c3de0f08c5464976bf667757c57aa9744a42d8403,candidate_not_approved
nca_064,Mound City Cemetery Soldiers' Lot,phone,800-799-4889,low,national_or_shared,https://www.cem.va.gov/cems/lots/MoundCity.asp,6a19754283aa2c5682801a3c3de0f08c5464976bf667757c57aa9744a42d8403,candidate_not_approved
nca_064,Mound City Cemetery Soldiers' Lot,hours,HOURS Visitation Hours: Open daily from sunrise to sunset.,medium,facility_hours_candidate,https://www.cem.va.gov/cems/lots/MoundCity.asp,6a19754283aa2c5682801a3c3de0f08c5464976bf667757c57aa9744a42d8403,candidate_not_approved
nca_064,Mound City Cemetery Soldiers' Lot,hours,Office Hours: Monday thru Friday 7:30 a.m.,medium,facility_hours_candidate,https://www.cem.va.gov/cems/lots/MoundCity.asp,6a19754283aa2c5682801a3c3de0f08c5464976bf667757c57aa9744a42d8403,candidate_not_approved
nca_064,Mound City Cemetery Soldiers' Lot,hours,Closed federal holidays except Memorial Day.,low,facility_hours_candidate,https://www.cem.va.gov/cems/lots/MoundCity.asp,6a19754283aa2c5682801a3c3de0f08c5464976bf667757c57aa9744a42d8403,candidate_not_approved
nca_065,Mount Moriah Cemetery Soldiers' Lot,phone,215-222-7510,low,possibly_non_primary,https://www.cem.va.gov/cems/lots/MountMoriah.asp,263eef5e57b0068e83a352c229464236e0e221d8fa01cc2ceb80354db239b3bd,candidate_not_approved
nca_065,Mount Moriah Cemetery Soldiers' Lot,phone,215-895-3531,low,possibly_non_primary,https://www.cem.va.gov/cems/lots/MountMoriah.asp,263eef5e57b0068e83a352c229464236e0e221d8fa01cc2ceb80354db239b3bd,candidate_not_approved
nca_065,Mount Moriah Cemetery Soldiers' Lot,phone,866-900-6417,low,national_or_shared,https://www.cem.va.gov/cems/lots/MountMoriah.asp,263eef5e57b0068e83a352c229464236e0e221d8fa01cc2ceb80354db239b3bd,candidate_not_approved
nca_065,Mount Moriah Cemetery Soldiers' Lot,phone,800-535-1117,low,national_or_shared,https://www.cem.va.gov/cems/lots/MountMoriah.asp,263eef5e57b0068e83a352c229464236e0e221d8fa01cc2ceb80354db239b3bd,candidate_not_approved
nca_065,Mount Moriah Cemetery Soldiers' Lot,phone,800-799-4889,low,national_or_shared,https://www.cem.va.gov/cems/lots/MountMoriah.asp,263eef5e57b0068e83a352c229464236e0e221d8fa01cc2ceb80354db239b3bd,candidate_not_approved
nca_065,Mount Moriah Cemetery Soldiers' Lot,hours,HOURS Office Hours: Monday thru Friday 8:00 a.m.,medium,facility_hours_candidate,https://www.cem.va.gov/cems/lots/MountMoriah.asp,263eef5e57b0068e83a352c229464236e0e221d8fa01cc2ceb80354db239b3bd,candidate_not_approved
nca_065,Mount Moriah Cemetery Soldiers' Lot,hours,Closed federal holidays except Memorial Day and Veterans Day.,low,facility_hours_candidate,https://www.cem.va.gov/cems/lots/MountMoriah.asp,263eef5e57b0068e83a352c229464236e0e221d8fa01cc2ceb80354db239b3bd,candidate_not_approved
nca_065,Mount Moriah Cemetery Soldiers' Lot,hours,Visitation Hours: Open daily from sunrise to sunset.,medium,facility_hours_candidate,https://www.cem.va.gov/cems/lots/MountMoriah.asp,263eef5e57b0068e83a352c229464236e0e221d8fa01cc2ceb80354db239b3bd,candidate_not_approved
nca_066,Mount Moriah Cemetery Naval Plot,phone,215-222-7510,low,possibly_non_primary,https://www.cem.va.gov/cems/lots/MountMoriah_Naval.asp,0cd6bf9a35f4fcbdcbed216ef76fded3730fd07eb8101fc68c814f11033d19f0,candidate_not_approved
nca_066,Mount Moriah Cemetery Naval Plot,phone,215-895-3531,low,possibly_non_primary,https://www.cem.va.gov/cems/lots/MountMoriah_Naval.asp,0cd6bf9a35f4fcbdcbed216ef76fded3730fd07eb8101fc68c814f11033d19f0,candidate_not_approved
nca_066,Mount Moriah Cemetery Naval Plot,phone,866-900-6417,low,national_or_shared,https://www.cem.va.gov/cems/lots/MountMoriah_Naval.asp,0cd6bf9a35f4fcbdcbed216ef76fded3730fd07eb8101fc68c814f11033d19f0,candidate_not_approved
nca_066,Mount Moriah Cemetery Naval Plot,phone,800-535-1117,low,national_or_shared,https://www.cem.va.gov/cems/lots/MountMoriah_Naval.asp,0cd6bf9a35f4fcbdcbed216ef76fded3730fd07eb8101fc68c814f11033d19f0,candidate_not_approved
nca_066,Mount Moriah Cemetery Naval Plot,phone,800-799-4889,low,national_or_shared,https://www.cem.va.gov/cems/lots/MountMoriah_Naval.asp,0cd6bf9a35f4fcbdcbed216ef76fded3730fd07eb8101fc68c814f11033d19f0,candidate_not_approved
nca_066,Mount Moriah Cemetery Naval Plot,hours,HOURS Visitation Hours: Open daily from sunrise to sunset.,medium,facility_hours_candidate,https://www.cem.va.gov/cems/lots/MountMoriah_Naval.asp,0cd6bf9a35f4fcbdcbed216ef76fded3730fd07eb8101fc68c814f11033d19f0,candidate_not_approved
nca_066,Mount Moriah Cemetery Naval Plot,hours,Office Hours: Monday thru Friday 8:00 a.m.,medium,facility_hours_candidate,https://www.cem.va.gov/cems/lots/MountMoriah_Naval.asp,0cd6bf9a35f4fcbdcbed216ef76fded3730fd07eb8101fc68c814f11033d19f0,candidate_not_approved
nca_066,Mount Moriah Cemetery Naval Plot,hours,Closed federal holidays except Memorial Day and Veterans Day.,low,facility_hours_candidate,https://www.cem.va.gov/cems/lots/MountMoriah_Naval.asp,0cd6bf9a35f4fcbdcbed216ef76fded3730fd07eb8101fc68c814f11033d19f0,candidate_not_approved
nca_067,Mount Pleasant Cemetery Soldiers' Lot,phone,508-563-7113,low,possibly_non_primary,https://www.cem.va.gov/cems/lots/MountPleasant.asp,9ab9ae743fa880b553f82bd7caee79a0201737bcf0893eb4a2f630a8a701634c,candidate_not_approved
nca_067,Mount Pleasant Cemetery Soldiers' Lot,phone,508-564-9946,low,possibly_non_primary,https://www.cem.va.gov/cems/lots/MountPleasant.asp,9ab9ae743fa880b553f82bd7caee79a0201737bcf0893eb4a2f630a8a701634c,candidate_not_approved
nca_067,Mount Pleasant Cemetery Soldiers' Lot,phone,866-900-6417,low,national_or_shared,https://www.cem.va.gov/cems/lots/MountPleasant.asp,9ab9ae743fa880b553f82bd7caee79a0201737bcf0893eb4a2f630a8a701634c,candidate_not_approved
nca_067,Mount Pleasant Cemetery Soldiers' Lot,phone,800-535-1117,low,national_or_shared,https://www.cem.va.gov/cems/lots/MountPleasant.asp,9ab9ae743fa880b553f82bd7caee79a0201737bcf0893eb4a2f630a8a701634c,candidate_not_approved
nca_067,Mount Pleasant Cemetery Soldiers' Lot,phone,800-799-4889,low,national_or_shared,https://www.cem.va.gov/cems/lots/MountPleasant.asp,9ab9ae743fa880b553f82bd7caee79a0201737bcf0893eb4a2f630a8a701634c,candidate_not_approved
nca_067,Mount Pleasant Cemetery Soldiers' Lot,hours,HOURS Visitation Hours: Open daily from sunrise to sunset.,medium,facility_hours_candidate,https://www.cem.va.gov/cems/lots/MountPleasant.asp,9ab9ae743fa880b553f82bd7caee79a0201737bcf0893eb4a2f630a8a701634c,candidate_not_approved
nca_067,Mount Pleasant Cemetery Soldiers' Lot,hours,Office Hours: Monday thru Friday 8:00 a.m.,medium,facility_hours_candidate,https://www.cem.va.gov/cems/lots/MountPleasant.asp,9ab9ae743fa880b553f82bd7caee79a0201737bcf0893eb4a2f630a8a701634c,candidate_not_approved
nca_067,Mount Pleasant Cemetery Soldiers' Lot,hours,Closed federal holidays except Memorial Day.,low,facility_hours_candidate,https://www.cem.va.gov/cems/lots/MountPleasant.asp,9ab9ae743fa880b553f82bd7caee79a0201737bcf0893eb4a2f630a8a701634c,candidate_not_approved
nca_068,Oakdale Cemetery Soldiers' Lot,phone,309-784-0000,low,possibly_non_primary,https://www.cem.va.gov/cems/lots/Oakdale.asp,4da5c3c44c1e67e5bf81284a734b726718f356548c553777bc83281986dc8512,candidate_not_approved
nca_068,Oakdale Cemetery Soldiers' Lot,phone,309-782-2097,low,possibly_non_primary,https://www.cem.va.gov/cems/lots/Oakdale.asp,4da5c3c44c1e67e5bf81284a734b726718f356548c553777bc83281986dc8512,candidate_not_approved
nca_068,Oakdale Cemetery Soldiers' Lot,phone,866-900-6417,low,national_or_shared,https://www.cem.va.gov/cems/lots/Oakdale.asp,4da5c3c44c1e67e5bf81284a734b726718f356548c553777bc83281986dc8512,candidate_not_approved
nca_068,Oakdale Cemetery Soldiers' Lot,phone,800-535-1117,low,national_or_shared,https://www.cem.va.gov/cems/lots/Oakdale.asp,4da5c3c44c1e67e5bf81284a734b726718f356548c553777bc83281986dc8512,candidate_not_approved
nca_068,Oakdale Cemetery Soldiers' Lot,phone,563-324-5121,medium,facility_contact_candidate,https://www.cem.va.gov/cems/lots/Oakdale.asp,4da5c3c44c1e67e5bf81284a734b726718f356548c553777bc83281986dc8512,candidate_not_approved
nca_068,Oakdale Cemetery Soldiers' Lot,phone,800-799-4889,low,national_or_shared,https://www.cem.va.gov/cems/lots/Oakdale.asp,4da5c3c44c1e67e5bf81284a734b726718f356548c553777bc83281986dc8512,candidate_not_approved
nca_068,Oakdale Cemetery Soldiers' Lot,hours,HOURS Visitation Hours: Open daily from sunrise to sunset.,medium,facility_hours_candidate,https://www.cem.va.gov/cems/lots/Oakdale.asp,4da5c3c44c1e67e5bf81284a734b726718f356548c553777bc83281986dc8512,candidate_not_approved
nca_068,Oakdale Cemetery Soldiers' Lot,hours,Office Hours: Monday thru Friday 7:30 a.m.,medium,facility_hours_candidate,https://www.cem.va.gov/cems/lots/Oakdale.asp,4da5c3c44c1e67e5bf81284a734b726718f356548c553777bc83281986dc8512,candidate_not_approved
nca_068,Oakdale Cemetery Soldiers' Lot,hours,Closed federal holidays except Memorial Day and Veterans Day.,low,facility_hours_candidate,https://www.cem.va.gov/cems/lots/Oakdale.asp,4da5c3c44c1e67e5bf81284a734b726718f356548c553777bc83281986dc8512,candidate_not_approved
nca_069,Prospect Hill Cemetery Soldiers' Lot,phone,717-865-5254,low,possibly_non_primary,https://www.cem.va.gov/cems/lots/ProspectHill_PA.asp,81881ac47d5a19e7d96f745e543d7e3488c68329c7493951c3cf5e6bb38f653c,candidate_not_approved
nca_069,Prospect Hill Cemetery Soldiers' Lot,phone,717-865-5256,low,possibly_non_primary,https://www.cem.va.gov/cems/lots/ProspectHill_PA.asp,81881ac47d5a19e7d96f745e543d7e3488c68329c7493951c3cf5e6bb38f653c,candidate_not_approved
nca_069,Prospect Hill Cemetery Soldiers' Lot,phone,866-900-6417,low,national_or_shared,https://www.cem.va.gov/cems/lots/ProspectHill_PA.asp,81881ac47d5a19e7d96f745e543d7e3488c68329c7493951c3cf5e6bb38f653c,candidate_not_approved
nca_069,Prospect Hill Cemetery Soldiers' Lot,phone,800-535-1117,low,national_or_shared,https://www.cem.va.gov/cems/lots/ProspectHill_PA.asp,81881ac47d5a19e7d96f745e543d7e3488c68329c7493951c3cf5e6bb38f653c,candidate_not_approved
nca_069,Prospect Hill Cemetery Soldiers' Lot,phone,717-843-8006,medium,facility_contact_candidate,https://www.cem.va.gov/cems/lots/ProspectHill_PA.asp,81881ac47d5a19e7d96f745e543d7e3488c68329c7493951c3cf5e6bb38f653c,candidate_not_approved
nca_069,Prospect Hill Cemetery Soldiers' Lot,phone,800-799-4889,low,national_or_shared,https://www.cem.va.gov/cems/lots/ProspectHill_PA.asp,81881ac47d5a19e7d96f745e543d7e3488c68329c7493951c3cf5e6bb38f653c,candidate_not_approved
nca_069,Prospect Hill Cemetery Soldiers' Lot,hours,HOURS Office Hours: Monday through Friday 8:00 a.m.,medium,facility_hours_candidate,https://www.cem.va.gov/cems/lots/ProspectHill_PA.asp,81881ac47d5a19e7d96f745e543d7e3488c68329c7493951c3cf5e6bb38f653c,candidate_not_approved
nca_069,Prospect Hill Cemetery Soldiers' Lot,hours,Closed federal holidays except Memorial Day.,low,facility_hours_candidate,https://www.cem.va.gov/cems/lots/ProspectHill_PA.asp,81881ac47d5a19e7d96f745e543d7e3488c68329c7493951c3cf5e6bb38f653c,candidate_not_approved
nca_069,Prospect Hill Cemetery Soldiers' Lot,hours,Visitation Hours: Open daily from sunrise to sunset.,medium,facility_hours_candidate,https://www.cem.va.gov/cems/lots/ProspectHill_PA.asp,81881ac47d5a19e7d96f745e543d7e3488c68329c7493951c3cf5e6bb38f653c,candidate_not_approved
nca_070,Prospect Hill Cemetery Soldiers' Lot,phone,508-563-7113,low,possibly_non_primary,https://www.cem.va.gov/cems/lots/ProspectHill_VT.asp,a6ba2c748290fe6e8214340f715d6f91288a41f6c2e321bf056d76efd2ed878c,candidate_not_approved
nca_070,Prospect Hill Cemetery Soldiers' Lot,phone,508-564-9946,low,possibly_non_primary,https://www.cem.va.gov/cems/lots/ProspectHill_VT.asp,a6ba2c748290fe6e8214340f715d6f91288a41f6c2e321bf056d76efd2ed878c,candidate_not_approved
nca_070,Prospect Hill Cemetery Soldiers' Lot,phone,866-900-6417,low,national_or_shared,https://www.cem.va.gov/cems/lots/ProspectHill_VT.asp,a6ba2c748290fe6e8214340f715d6f91288a41f6c2e321bf056d76efd2ed878c,candidate_not_approved
nca_070,Prospect Hill Cemetery Soldiers' Lot,phone,800-535-1117,low,national_or_shared,https://www.cem.va.gov/cems/lots/ProspectHill_VT.asp,a6ba2c748290fe6e8214340f715d6f91288a41f6c2e321bf056d76efd2ed878c,candidate_not_approved
nca_070,Prospect Hill Cemetery Soldiers' Lot,phone,800-799-4889,low,national_or_shared,https://www.cem.va.gov/cems/lots/ProspectHill_VT.asp,a6ba2c748290fe6e8214340f715d6f91288a41f6c2e321bf056d76efd2ed878c,candidate_not_approved
nca_070,Prospect Hill Cemetery Soldiers' Lot,hours,HOURS Office Hours: Monday thru Friday 8:00 a.m.,medium,facility_hours_candidate,https://www.cem.va.gov/cems/lots/ProspectHill_VT.asp,a6ba2c748290fe6e8214340f715d6f91288a41f6c2e321bf056d76efd2ed878c,candidate_not_approved
nca_070,Prospect Hill Cemetery Soldiers' Lot,hours,Closed federal holidays except Memorial Day.,low,facility_hours_candidate,https://www.cem.va.gov/cems/lots/ProspectHill_VT.asp,a6ba2c748290fe6e8214340f715d6f91288a41f6c2e321bf056d76efd2ed878c,candidate_not_approved
nca_070,Prospect Hill Cemetery Soldiers' Lot,hours,Visitation Hours: Open daily from sunrise to sunset.,medium,facility_hours_candidate,https://www.cem.va.gov/cems/lots/ProspectHill_VT.asp,a6ba2c748290fe6e8214340f715d6f91288a41f6c2e321bf056d76efd2ed878c,candidate_not_approved
nca_071,Woodland Cemetery Soldiers' Lot,phone,330-335-3069,low,possibly_non_primary,https://www.cem.va.gov/cems/lots/Woodland.asp,31bec7924d69a5e368a06b0e2403a093b0c17ba7e86160ba1a97c868ae67ff20,candidate_not_approved
nca_071,Woodland Cemetery Soldiers' Lot,phone,330-335-5087,low,possibly_non_primary,https://www.cem.va.gov/cems/lots/Woodland.asp,31bec7924d69a5e368a06b0e2403a093b0c17ba7e86160ba1a97c868ae67ff20,candidate_not_approved
nca_071,Woodland Cemetery Soldiers' Lot,phone,866-900-6417,low,national_or_shared,https://www.cem.va.gov/cems/lots/Woodland.asp,31bec7924d69a5e368a06b0e2403a093b0c17ba7e86160ba1a97c868ae67ff20,candidate_not_approved
nca_071,Woodland Cemetery Soldiers' Lot,phone,800-535-1117,low,national_or_shared,https://www.cem.va.gov/cems/lots/Woodland.asp,31bec7924d69a5e368a06b0e2403a093b0c17ba7e86160ba1a97c868ae67ff20,candidate_not_approved
nca_071,Woodland Cemetery Soldiers' Lot,phone,216-348-7217,medium,facility_contact_candidate,https://www.cem.va.gov/cems/lots/Woodland.asp,31bec7924d69a5e368a06b0e2403a093b0c17ba7e86160ba1a97c868ae67ff20,candidate_not_approved
nca_071,Woodland Cemetery Soldiers' Lot,phone,800-799-4889,low,national_or_shared,https://www.cem.va.gov/cems/lots/Woodland.asp,31bec7924d69a5e368a06b0e2403a093b0c17ba7e86160ba1a97c868ae67ff20,candidate_not_approved
nca_071,Woodland Cemetery Soldiers' Lot,hours,HOURS Office Hours: Monday thru Friday 7:30 a.m.,medium,facility_hours_candidate,https://www.cem.va.gov/cems/lots/Woodland.asp,31bec7924d69a5e368a06b0e2403a093b0c17ba7e86160ba1a97c868ae67ff20,candidate_not_approved
nca_071,Woodland Cemetery Soldiers' Lot,hours,Closed Federal Holidays except Memorial Day.,low,facility_hours_candidate,https://www.cem.va.gov/cems/lots/Woodland.asp,31bec7924d69a5e368a06b0e2403a093b0c17ba7e86160ba1a97c868ae67ff20,candidate_not_approved
nca_071,Woodland Cemetery Soldiers' Lot,hours,Visitation Hours: Open daily from sunrise to sunset.,medium,facility_hours_candidate,https://www.cem.va.gov/cems/lots/Woodland.asp,31bec7924d69a5e368a06b0e2403a093b0c17ba7e86160ba1a97c868ae67ff20,candidate_not_approved
nca_072,Woodlawn Cemetery Soldiers' Lot,phone,508-563-7113,low,possibly_non_primary,https://www.cem.va.gov/cems/lots/Woodlawn.asp,4b2fc43337dc6dda100405945c9da21900d783a42f5ed67984bfa8d3e310b275,candidate_not_approved
nca_072,Woodlawn Cemetery Soldiers' Lot,phone,508-564-9946,low,possibly_non_primary,https://www.cem.va.gov/cems/lots/Woodlawn.asp,4b2fc43337dc6dda100405945c9da21900d783a42f5ed67984bfa8d3e310b275,candidate_not_approved
nca_072,Woodlawn Cemetery Soldiers' Lot,phone,866-900-6417,low,national_or_shared,https://www.cem.va.gov/cems/lots/Woodlawn.asp,4b2fc43337dc6dda100405945c9da21900d783a42f5ed67984bfa8d3e310b275,candidate_not_approved
nca_072,Woodlawn Cemetery Soldiers' Lot,phone,800-535-1117,low,national_or_shared,https://www.cem.va.gov/cems/lots/Woodlawn.asp,4b2fc43337dc6dda100405945c9da21900d783a42f5ed67984bfa8d3e310b275,candidate_not_approved
nca_072,Woodlawn Cemetery Soldiers' Lot,phone,800-799-4889,low,national_or_shared,https://www.cem.va.gov/cems/lots/Woodlawn.asp,4b2fc43337dc6dda100405945c9da21900d783a42f5ed67984bfa8d3e310b275,candidate_not_approved
nca_072,Woodlawn Cemetery Soldiers' Lot,hours,HOURS Visitation Hours: Open daily from sunrise to sunset.,medium,facility_hours_candidate,https://www.cem.va.gov/cems/lots/Woodlawn.asp,4b2fc43337dc6dda100405945c9da21900d783a42f5ed67984bfa8d3e310b275,candidate_not_approved
nca_072,Woodlawn Cemetery Soldiers' Lot,hours,Office Hours: Monday thru Friday 8:00 a.m.,medium,facility_hours_candidate,https://www.cem.va.gov/cems/lots/Woodlawn.asp,4b2fc43337dc6dda100405945c9da21900d783a42f5ed67984bfa8d3e310b275,candidate_not_approved
nca_072,Woodlawn Cemetery Soldiers' Lot,hours,Closed federal holidays except Memorial Day.,low,facility_hours_candidate,https://www.cem.va.gov/cems/lots/Woodlawn.asp,4b2fc43337dc6dda100405945c9da21900d783a42f5ed67984bfa8d3e310b275,candidate_not_approved
nca_073,Confederate Mound,phone,815-423-9958,low,possibly_non_primary,https://www.cem.va.gov/cems/lots/Confederate_Mound.asp,233da3b3371a8eb1f7a7fad048ff035e1c72add93f51c85440313e2a26a4f682,candidate_not_approved
nca_073,Confederate Mound,phone,815-423-5824,low,possibly_non_primary,https://www.cem.va.gov/cems/lots/Confederate_Mound.asp,233da3b3371a8eb1f7a7fad048ff035e1c72add93f51c85440313e2a26a4f682,candidate_not_approved
nca_073,Confederate Mound,phone,866-900-6417,low,national_or_shared,https://www.cem.va.gov/cems/lots/Confederate_Mound.asp,233da3b3371a8eb1f7a7fad048ff035e1c72add93f51c85440313e2a26a4f682,candidate_not_approved
nca_073,Confederate Mound,phone,800-535-1117,low,national_or_shared,https://www.cem.va.gov/cems/lots/Confederate_Mound.asp,233da3b3371a8eb1f7a7fad048ff035e1c72add93f51c85440313e2a26a4f682,candidate_not_approved
nca_073,Confederate Mound,phone,773-288-3800,medium,facility_contact_candidate,https://www.cem.va.gov/cems/lots/Confederate_Mound.asp,233da3b3371a8eb1f7a7fad048ff035e1c72add93f51c85440313e2a26a4f682,candidate_not_approved
nca_073,Confederate Mound,phone,800-799-4889,low,national_or_shared,https://www.cem.va.gov/cems/lots/Confederate_Mound.asp,233da3b3371a8eb1f7a7fad048ff035e1c72add93f51c85440313e2a26a4f682,candidate_not_approved
nca_073,Confederate Mound,hours,HOURS Visitation Hours: Open daily from sunrise to sunset.,medium,facility_hours_candidate,https://www.cem.va.gov/cems/lots/Confederate_Mound.asp,233da3b3371a8eb1f7a7fad048ff035e1c72add93f51c85440313e2a26a4f682,candidate_not_approved
nca_073,Confederate Mound,hours,Office Hours: Monday thru Friday 8:00 a.m.,medium,facility_hours_candidate,https://www.cem.va.gov/cems/lots/Confederate_Mound.asp,233da3b3371a8eb1f7a7fad048ff035e1c72add93f51c85440313e2a26a4f682,candidate_not_approved
nca_073,Confederate Mound,hours,"Closed federal holidays, excluding Memorial Day.",low,facility_hours_candidate,https://www.cem.va.gov/cems/lots/Confederate_Mound.asp,233da3b3371a8eb1f7a7fad048ff035e1c72add93f51c85440313e2a26a4f682,candidate_not_approved
nca_074,Crown Hill Confederate Plot,phone,765-674-0284,low,possibly_non_primary,https://www.cem.va.gov/cems/lots/CrownHill.asp,c08a9c94cb3c1934d777d2d8f791688beee5c78d12c1a66285e57d8f70225553,candidate_not_approved
nca_074,Crown Hill Confederate Plot,phone,765-674-4521,low,possibly_non_primary,https://www.cem.va.gov/cems/lots/CrownHill.asp,c08a9c94cb3c1934d777d2d8f791688beee5c78d12c1a66285e57d8f70225553,candidate_not_approved
nca_074,Crown Hill Confederate Plot,phone,866-900-6417,low,national_or_shared,https://www.cem.va.gov/cems/lots/CrownHill.asp,c08a9c94cb3c1934d777d2d8f791688beee5c78d12c1a66285e57d8f70225553,candidate_not_approved
nca_074,Crown Hill Confederate Plot,phone,800-535-1117,low,national_or_shared,https://www.cem.va.gov/cems/lots/CrownHill.asp,c08a9c94cb3c1934d777d2d8f791688beee5c78d12c1a66285e57d8f70225553,candidate_not_approved
nca_074,Crown Hill Confederate Plot,phone,317-925-8231,medium,facility_contact_candidate,https://www.cem.va.gov/cems/lots/CrownHill.asp,c08a9c94cb3c1934d777d2d8f791688beee5c78d12c1a66285e57d8f70225553,candidate_not_approved
nca_074,Crown Hill Confederate Plot,phone,800-799-4889,low,national_or_shared,https://www.cem.va.gov/cems/lots/CrownHill.asp,c08a9c94cb3c1934d777d2d8f791688beee5c78d12c1a66285e57d8f70225553,candidate_not_approved
nca_074,Crown Hill Confederate Plot,hours,HOURS Visitation Hours: Open daily from sunrise to sunset.,medium,facility_hours_candidate,https://www.cem.va.gov/cems/lots/CrownHill.asp,c08a9c94cb3c1934d777d2d8f791688beee5c78d12c1a66285e57d8f70225553,candidate_not_approved
nca_074,Crown Hill Confederate Plot,hours,Office Hours: Monday thru Friday 8:00 a.m.,medium,facility_hours_candidate,https://www.cem.va.gov/cems/lots/CrownHill.asp,c08a9c94cb3c1934d777d2d8f791688beee5c78d12c1a66285e57d8f70225553,candidate_not_approved
nca_074,Crown Hill Confederate Plot,hours,Closed federal holidays except Memorial Day.,low,facility_hours_candidate,https://www.cem.va.gov/cems/lots/CrownHill.asp,c08a9c94cb3c1934d777d2d8f791688beee5c78d12c1a66285e57d8f70225553,candidate_not_approved
nca_075,Camp Chase Confederate Cemetery,phone,937-268-2221,low,possibly_non_primary,https://www.cem.va.gov/cems/lots/CampChase.asp,8e60d734379f9fddbec8cf6393faa317cc0bddf6759f47312d3b068bf432472e,candidate_not_approved
nca_075,Camp Chase Confederate Cemetery,phone,937-268-2225,low,possibly_non_primary,https://www.cem.va.gov/cems/lots/CampChase.asp,8e60d734379f9fddbec8cf6393faa317cc0bddf6759f47312d3b068bf432472e,candidate_not_approved
nca_075,Camp Chase Confederate Cemetery,phone,866-900-6417,low,national_or_shared,https://www.cem.va.gov/cems/lots/CampChase.asp,8e60d734379f9fddbec8cf6393faa317cc0bddf6759f47312d3b068bf432472e,candidate_not_approved
nca_075,Camp Chase Confederate Cemetery,phone,800-535-1117,low,national_or_shared,https://www.cem.va.gov/cems/lots/CampChase.asp,8e60d734379f9fddbec8cf6393faa317cc0bddf6759f47312d3b068bf432472e,candidate_not_approved
nca_075,Camp Chase Confederate Cemetery,phone,800-799-4889,low,national_or_shared,https://www.cem.va.gov/cems/lots/CampChase.asp,8e60d734379f9fddbec8cf6393faa317cc0bddf6759f47312d3b068bf432472e,candidate_not_approved
nca_075,Camp Chase Confederate Cemetery,hours,HOURS Visitation Hours: Open daily from sunrise to sunset.,medium,facility_hours_candidate,https://www.cem.va.gov/cems/lots/CampChase.asp,8e60d734379f9fddbec8cf6393faa317cc0bddf6759f47312d3b068bf432472e,candidate_not_approved
nca_075,Camp Chase Confederate Cemetery,hours,Office Hours: Monday thru Friday 8:00 a.m.,medium,facility_hours_candidate,https://www.cem.va.gov/cems/lots/CampChase.asp,8e60d734379f9fddbec8cf6393faa317cc0bddf6759f47312d3b068bf432472e,candidate_not_approved
nca_075,Camp Chase Confederate Cemetery,hours,Closed federal holidays except Memorial Day.,low,facility_hours_candidate,https://www.cem.va.gov/cems/lots/CampChase.asp,8e60d734379f9fddbec8cf6393faa317cc0bddf6759f47312d3b068bf432472e,candidate_not_approved
nca_076,Confederate Stockade Cemetery,phone,330-335-3069,low,possibly_non_primary,https://www.cem.va.gov/cems/lots/Confederate_Stockade.asp,56d80a1f589ff85d9d579e7ea55561be596677cffe9ef54c97afb576880fc2fe,candidate_not_approved
nca_076,Confederate Stockade Cemetery,phone,330-335-5087,low,possibly_non_primary,https://www.cem.va.gov/cems/lots/Confederate_Stockade.asp,56d80a1f589ff85d9d579e7ea55561be596677cffe9ef54c97afb576880fc2fe,candidate_not_approved
nca_076,Confederate Stockade Cemetery,phone,866-900-6417,low,national_or_shared,https://www.cem.va.gov/cems/lots/Confederate_Stockade.asp,56d80a1f589ff85d9d579e7ea55561be596677cffe9ef54c97afb576880fc2fe,candidate_not_approved
nca_076,Confederate Stockade Cemetery,phone,800-535-1117,low,national_or_shared,https://www.cem.va.gov/cems/lots/Confederate_Stockade.asp,56d80a1f589ff85d9d579e7ea55561be596677cffe9ef54c97afb576880fc2fe,candidate_not_approved
nca_076,Confederate Stockade Cemetery,phone,800-799-4889,low,national_or_shared,https://www.cem.va.gov/cems/lots/Confederate_Stockade.asp,56d80a1f589ff85d9d579e7ea55561be596677cffe9ef54c97afb576880fc2fe,candidate_not_approved
nca_076,Confederate Stockade Cemetery,hours,HOURS Office Hours: Monday thru Friday 7:30 a.m.,medium,facility_hours_candidate,https://www.cem.va.gov/cems/lots/Confederate_Stockade.asp,56d80a1f589ff85d9d579e7ea55561be596677cffe9ef54c97afb576880fc2fe,candidate_not_approved
nca_076,Confederate Stockade Cemetery,hours,Closed Federal Holidays except Memorial Day.,low,facility_hours_candidate,https://www.cem.va.gov/cems/lots/Confederate_Stockade.asp,56d80a1f589ff85d9d579e7ea55561be596677cffe9ef54c97afb576880fc2fe,candidate_not_approved
nca_076,Confederate Stockade Cemetery,hours,Visitation Hours: Open daily from sunrise to sunset.,medium,facility_hours_candidate,https://www.cem.va.gov/cems/lots/Confederate_Stockade.asp,56d80a1f589ff85d9d579e7ea55561be596677cffe9ef54c97afb576880fc2fe,candidate_not_approved
nca_077,North Alton Confederate Cemetery,phone,314-845-8320,low,possibly_non_primary,https://www.cem.va.gov/cems/lots/North_Alton.asp,3bd29620c71886121cad440d978ef6f43006ac0d1e0b137dbf967269edad92f5,candidate_not_approved
nca_077,North Alton Confederate Cemetery,phone,314-845-8355,low,possibly_non_primary,https://www.cem.va.gov/cems/lots/North_Alton.asp,3bd29620c71886121cad440d978ef6f43006ac0d1e0b137dbf967269edad92f5,candidate_not_approved
nca_077,North Alton Confederate Cemetery,phone,866-900-6417,low,national_or_shared,https://www.cem.va.gov/cems/lots/North_Alton.asp,3bd29620c71886121cad440d978ef6f43006ac0d1e0b137dbf967269edad92f5,candidate_not_approved
nca_077,North Alton Confederate Cemetery,phone,800-535-1117,low,national_or_shared,https://www.cem.va.gov/cems/lots/North_Alton.asp,3bd29620c71886121cad440d978ef6f43006ac0d1e0b137dbf967269edad92f5,candidate_not_approved
nca_077,North Alton Confederate Cemetery,phone,800-799-4889,low,national_or_shared,https://www.cem.va.gov/cems/lots/North_Alton.asp,3bd29620c71886121cad440d978ef6f43006ac0d1e0b137dbf967269edad92f5,candidate_not_approved
nca_077,North Alton Confederate Cemetery,hours,HOURS Visitation Hours: Open daily from sunrise to sunset.,medium,facility_hours_candidate,https://www.cem.va.gov/cems/lots/North_Alton.asp,3bd29620c71886121cad440d978ef6f43006ac0d1e0b137dbf967269edad92f5,candidate_not_approved
nca_077,North Alton Confederate Cemetery,hours,Office Hours: Monday thru Friday 8:00 a.m.,medium,facility_hours_candidate,https://www.cem.va.gov/cems/lots/North_Alton.asp,3bd29620c71886121cad440d978ef6f43006ac0d1e0b137dbf967269edad92f5,candidate_not_approved
nca_078,Point Lookout Confederate Cemetery,phone,410-644-9696,low,possibly_non_primary,https://www.cem.va.gov/cems/lots/Point_Lookout.asp,be0dd9885c7cdd6073ce4f32af3501590fc702b428ac6bde238b282baea4d116,candidate_not_approved
nca_078,Point Lookout Confederate Cemetery,phone,410-644-1563,low,possibly_non_primary,https://www.cem.va.gov/cems/lots/Point_Lookout.asp,be0dd9885c7cdd6073ce4f32af3501590fc702b428ac6bde238b282baea4d116,candidate_not_approved
nca_078,Point Lookout Confederate Cemetery,phone,866-900-6417,low,national_or_shared,https://www.cem.va.gov/cems/lots/Point_Lookout.asp,be0dd9885c7cdd6073ce4f32af3501590fc702b428ac6bde238b282baea4d116,candidate_not_approved
nca_078,Point Lookout Confederate Cemetery,phone,800-535-1117,low,national_or_shared,https://www.cem.va.gov/cems/lots/Point_Lookout.asp,be0dd9885c7cdd6073ce4f32af3501590fc702b428ac6bde238b282baea4d116,candidate_not_approved
nca_078,Point Lookout Confederate Cemetery,phone,800-799-4889,low,national_or_shared,https://www.cem.va.gov/cems/lots/Point_Lookout.asp,be0dd9885c7cdd6073ce4f32af3501590fc702b428ac6bde238b282baea4d116,candidate_not_approved
nca_078,Point Lookout Confederate Cemetery,hours,HOURS Office Hours: This cemetery is supervised by Baltimore National Cemetery.,medium,facility_hours_candidate,https://www.cem.va.gov/cems/lots/Point_Lookout.asp,be0dd9885c7cdd6073ce4f32af3501590fc702b428ac6bde238b282baea4d116,candidate_not_approved
nca_078,Point Lookout Confederate Cemetery,hours,Visitation Hours: Open daily from sunrise to sunset.,medium,facility_hours_candidate,https://www.cem.va.gov/cems/lots/Point_Lookout.asp,be0dd9885c7cdd6073ce4f32af3501590fc702b428ac6bde238b282baea4d116,candidate_not_approved
nca_079,Rock Island Confederate Cemetery,phone,309-784-0000,low,possibly_non_primary,https://www.cem.va.gov/cems/lots/RockIsland_Confed.asp,8cc5489c68cfc14318c23db9948680f532eaf435f92668fca9c3c06b28d98ea7,candidate_not_approved
nca_079,Rock Island Confederate Cemetery,phone,309-782-2097,low,possibly_non_primary,https://www.cem.va.gov/cems/lots/RockIsland_Confed.asp,8cc5489c68cfc14318c23db9948680f532eaf435f92668fca9c3c06b28d98ea7,candidate_not_approved
nca_079,Rock Island Confederate Cemetery,phone,866-900-6417,low,national_or_shared,https://www.cem.va.gov/cems/lots/RockIsland_Confed.asp,8cc5489c68cfc14318c23db9948680f532eaf435f92668fca9c3c06b28d98ea7,candidate_not_approved
nca_079,Rock Island Confederate Cemetery,phone,800-535-1117,low,national_or_shared,https://www.cem.va.gov/cems/lots/RockIsland_Confed.asp,8cc5489c68cfc14318c23db9948680f532eaf435f92668fca9c3c06b28d98ea7,candidate_not_approved
nca_079,Rock Island Confederate Cemetery,phone,800-799-4889,low,national_or_shared,https://www.cem.va.gov/cems/lots/RockIsland_Confed.asp,8cc5489c68cfc14318c23db9948680f532eaf435f92668fca9c3c06b28d98ea7,candidate_not_approved
nca_079,Rock Island Confederate Cemetery,hours,HOURS Office Hours: Monday thru Friday 7:30 a.m.,medium,facility_hours_candidate,https://www.cem.va.gov/cems/lots/RockIsland_Confed.asp,8cc5489c68cfc14318c23db9948680f532eaf435f92668fca9c3c06b28d98ea7,candidate_not_approved
nca_079,Rock Island Confederate Cemetery,hours,Closed federal holidays except Memorial Day and Veterans Day.,low,facility_hours_candidate,https://www.cem.va.gov/cems/lots/RockIsland_Confed.asp,8cc5489c68cfc14318c23db9948680f532eaf435f92668fca9c3c06b28d98ea7,candidate_not_approved
nca_080,Union Confederate Monument Site,phone,913-727-1376,low,possibly_non_primary,https://www.cem.va.gov/cems/lots/Union_Confed.asp,eb55b8f70cdc6ab623ef8fc33766d4772d387e0098eea0228cd3b25f0dfabfb7,candidate_not_approved
nca_080,Union Confederate Monument Site,phone,913-727-1905,low,possibly_non_primary,https://www.cem.va.gov/cems/lots/Union_Confed.asp,eb55b8f70cdc6ab623ef8fc33766d4772d387e0098eea0228cd3b25f0dfabfb7,candidate_not_approved
nca_080,Union Confederate Monument Site,phone,866-900-6417,low,national_or_shared,https://www.cem.va.gov/cems/lots/Union_Confed.asp,eb55b8f70cdc6ab623ef8fc33766d4772d387e0098eea0228cd3b25f0dfabfb7,candidate_not_approved
nca_080,Union Confederate Monument Site,phone,800-535-1117,low,national_or_shared,https://www.cem.va.gov/cems/lots/Union_Confed.asp,eb55b8f70cdc6ab623ef8fc33766d4772d387e0098eea0228cd3b25f0dfabfb7,candidate_not_approved
nca_080,Union Confederate Monument Site,phone,816-472-4990,medium,facility_contact_candidate,https://www.cem.va.gov/cems/lots/Union_Confed.asp,eb55b8f70cdc6ab623ef8fc33766d4772d387e0098eea0228cd3b25f0dfabfb7,candidate_not_approved
nca_080,Union Confederate Monument Site,phone,800-799-4889,low,national_or_shared,https://www.cem.va.gov/cems/lots/Union_Confed.asp,eb55b8f70cdc6ab623ef8fc33766d4772d387e0098eea0228cd3b25f0dfabfb7,candidate_not_approved
nca_080,Union Confederate Monument Site,hours,HOURS Visitation Hours: Open daily from sunrise to sunset.,medium,facility_hours_candidate,https://www.cem.va.gov/cems/lots/Union_Confed.asp,eb55b8f70cdc6ab623ef8fc33766d4772d387e0098eea0228cd3b25f0dfabfb7,candidate_not_approved
nca_080,Union Confederate Monument Site,hours,Office Hours: Monday through Saturday 7:00 a.m.,medium,facility_hours_candidate,https://www.cem.va.gov/cems/lots/Union_Confed.asp,eb55b8f70cdc6ab623ef8fc33766d4772d387e0098eea0228cd3b25f0dfabfb7,candidate_not_approved
nca_080,Union Confederate Monument Site,hours,Closed federal holidays except Memorial Day.,low,facility_hours_candidate,https://www.cem.va.gov/cems/lots/Union_Confed.asp,eb55b8f70cdc6ab623ef8fc33766d4772d387e0098eea0228cd3b25f0dfabfb7,candidate_not_approved
nca_080,Union Confederate Monument Site,hours,"The Union Cemetery Historical Society Office is open Wednesday, 9:00 a.m.",low,facility_hours_candidate,https://www.cem.va.gov/cems/lots/Union_Confed.asp,eb55b8f70cdc6ab623ef8fc33766d4772d387e0098eea0228cd3b25f0dfabfb7,candidate_not_approved
nca_081,Woodlawn Monument Site,phone,217-492-4070,low,possibly_non_primary,https://www.cem.va.gov/cems/lots/Woodlawn_Monument.asp,7fcf4d4894e130f78e5b33d05d4ade58622d066ee9520cc15fcbd143a4117150,candidate_not_approved
nca_081,Woodlawn Monument Site,phone,217-492-4072,low,possibly_non_primary,https://www.cem.va.gov/cems/lots/Woodlawn_Monument.asp,7fcf4d4894e130f78e5b33d05d4ade58622d066ee9520cc15fcbd143a4117150,candidate_not_approved
nca_081,Woodlawn Monument Site,phone,866-900-6417,low,national_or_shared,https://www.cem.va.gov/cems/lots/Woodlawn_Monument.asp,7fcf4d4894e130f78e5b33d05d4ade58622d066ee9520cc15fcbd143a4117150,candidate_not_approved
nca_081,Woodlawn Monument Site,phone,800-535-1117,low,national_or_shared,https://www.cem.va.gov/cems/lots/Woodlawn_Monument.asp,7fcf4d4894e130f78e5b33d05d4ade58622d066ee9520cc15fcbd143a4117150,candidate_not_approved
nca_081,Woodlawn Monument Site,phone,812-877-2531,medium,facility_contact_candidate,https://www.cem.va.gov/cems/lots/Woodlawn_Monument.asp,7fcf4d4894e130f78e5b33d05d4ade58622d066ee9520cc15fcbd143a4117150,candidate_not_approved
nca_081,Woodlawn Monument Site,phone,800-799-4889,low,national_or_shared,https://www.cem.va.gov/cems/lots/Woodlawn_Monument.asp,7fcf4d4894e130f78e5b33d05d4ade58622d066ee9520cc15fcbd143a4117150,candidate_not_approved
nca_081,Woodlawn Monument Site,hours,HOURS Office Hours: Monday thru Friday 8:00 a.m.,medium,facility_hours_candidate,https://www.cem.va.gov/cems/lots/Woodlawn_Monument.asp,7fcf4d4894e130f78e5b33d05d4ade58622d066ee9520cc15fcbd143a4117150,candidate_not_approved
nca_081,Woodlawn Monument Site,hours,"Closed federal holidays, excluding Memorial Day.",low,facility_hours_candidate,https://www.cem.va.gov/cems/lots/Woodlawn_Monument.asp,7fcf4d4894e130f78e5b33d05d4ade58622d066ee9520cc15fcbd143a4117150,candidate_not_approved
nca_081,Woodlawn Monument Site,hours,Visitation Hours: Open daily from sunrise to sunset.,medium,facility_hours_candidate,https://www.cem.va.gov/cems/lots/Woodlawn_Monument.asp,7fcf4d4894e130f78e5b33d05d4ade58622d066ee9520cc15fcbd143a4117150,candidate_not_approved
nca_082,Fort Mackinac Post Cemetery,phone,248-328-0386,low,possibly_non_primary,https://www.cem.va.gov/cems/lots/Fort_Mackinac.asp,73e10f43d34e704316ee8c55033e0ba600301b495ea30ec0fb25825b57165711,candidate_not_approved
nca_082,Fort Mackinac Post Cemetery,phone,248-328-0612,low,possibly_non_primary,https://www.cem.va.gov/cems/lots/Fort_Mackinac.asp,73e10f43d34e704316ee8c55033e0ba600301b495ea30ec0fb25825b57165711,candidate_not_approved
nca_082,Fort Mackinac Post Cemetery,phone,866-900-6417,low,national_or_shared,https://www.cem.va.gov/cems/lots/Fort_Mackinac.asp,73e10f43d34e704316ee8c55033e0ba600301b495ea30ec0fb25825b57165711,candidate_not_approved
nca_082,Fort Mackinac Post Cemetery,phone,800-535-1117,low,national_or_shared,https://www.cem.va.gov/cems/lots/Fort_Mackinac.asp,73e10f43d34e704316ee8c55033e0ba600301b495ea30ec0fb25825b57165711,candidate_not_approved
nca_082,Fort Mackinac Post Cemetery,phone,800-799-4889,low,national_or_shared,https://www.cem.va.gov/cems/lots/Fort_Mackinac.asp,73e10f43d34e704316ee8c55033e0ba600301b495ea30ec0fb25825b57165711,candidate_not_approved
nca_082,Fort Mackinac Post Cemetery,hours,HOURS Visitation Hours: Open daily from sunrise to sunset.,medium,facility_hours_candidate,https://www.cem.va.gov/cems/lots/Fort_Mackinac.asp,73e10f43d34e704316ee8c55033e0ba600301b495ea30ec0fb25825b57165711,candidate_not_approved
nca_082,Fort Mackinac Post Cemetery,hours,Office Hours: Monday thru Friday 8:00 a.m.,medium,facility_hours_candidate,https://www.cem.va.gov/cems/lots/Fort_Mackinac.asp,73e10f43d34e704316ee8c55033e0ba600301b495ea30ec0fb25825b57165711,candidate_not_approved
nca_082,Fort Mackinac Post Cemetery,hours,Closed federal holidays.,low,facility_hours_candidate,https://www.cem.va.gov/cems/lots/Fort_Mackinac.asp,73e10f43d34e704316ee8c55033e0ba600301b495ea30ec0fb25825b57165711,candidate_not_approved
nca_083,Fort Winnebago Cemetery Soldiers' Lot,phone,414-382-5300,low,possibly_non_primary,https://www.cem.va.gov/cems/lots/Fort_Winnebago.asp,048f58855bd2f00c6bf261142abfeff5950e49c2b17483794a624a05ffac2b7d,candidate_not_approved
nca_083,Fort Winnebago Cemetery Soldiers' Lot,phone,414-382-5321,low,possibly_non_primary,https://www.cem.va.gov/cems/lots/Fort_Winnebago.asp,048f58855bd2f00c6bf261142abfeff5950e49c2b17483794a624a05ffac2b7d,candidate_not_approved
nca_083,Fort Winnebago Cemetery Soldiers' Lot,phone,866-900-6417,low,national_or_shared,https://www.cem.va.gov/cems/lots/Fort_Winnebago.asp,048f58855bd2f00c6bf261142abfeff5950e49c2b17483794a624a05ffac2b7d,candidate_not_approved
nca_083,Fort Winnebago Cemetery Soldiers' Lot,phone,800-535-1117,low,national_or_shared,https://www.cem.va.gov/cems/lots/Fort_Winnebago.asp,048f58855bd2f00c6bf261142abfeff5950e49c2b17483794a624a05ffac2b7d,candidate_not_approved
nca_083,Fort Winnebago Cemetery Soldiers' Lot,phone,800-799-4889,low,national_or_shared,https://www.cem.va.gov/cems/lots/Fort_Winnebago.asp,048f58855bd2f00c6bf261142abfeff5950e49c2b17483794a624a05ffac2b7d,candidate_not_approved
nca_083,Fort Winnebago Cemetery Soldiers' Lot,hours,HOURS Visitation Hours: Open daily from sunrise to sunset.,medium,facility_hours_candidate,https://www.cem.va.gov/cems/lots/Fort_Winnebago.asp,048f58855bd2f00c6bf261142abfeff5950e49c2b17483794a624a05ffac2b7d,candidate_not_approved
nca_083,Fort Winnebago Cemetery Soldiers' Lot,hours,Office Hours: Monday through Friday 8:00 a.m.,medium,facility_hours_candidate,https://www.cem.va.gov/cems/lots/Fort_Winnebago.asp,048f58855bd2f00c6bf261142abfeff5950e49c2b17483794a624a05ffac2b7d,candidate_not_approved
nca_083,Fort Winnebago Cemetery Soldiers' Lot,hours,Closed federal holidays except Memorial Day.,low,facility_hours_candidate,https://www.cem.va.gov/cems/lots/Fort_Winnebago.asp,048f58855bd2f00c6bf261142abfeff5950e49c2b17483794a624a05ffac2b7d,candidate_not_approved
nca_088,Albany Rural Cemetery Soldiers' Lot,phone,518-581-9128,low,possibly_non_primary,https://www.cem.va.gov/cems/lots/Albany_Rural.asp,4575bb54b696aa782df0155e4691dbc402574ffafb2bcd2055e076d156e854ac,candidate_not_approved
nca_088,Albany Rural Cemetery Soldiers' Lot,phone,518-583-6975,low,possibly_non_primary,https://www.cem.va.gov/cems/lots/Albany_Rural.asp,4575bb54b696aa782df0155e4691dbc402574ffafb2bcd2055e076d156e854ac,candidate_not_approved
nca_088,Albany Rural Cemetery Soldiers' Lot,phone,866-900-6417,low,national_or_shared,https://www.cem.va.gov/cems/lots/Albany_Rural.asp,4575bb54b696aa782df0155e4691dbc402574ffafb2bcd2055e076d156e854ac,candidate_not_approved
nca_088,Albany Rural Cemetery Soldiers' Lot,phone,800-535-1117,low,national_or_shared,https://www.cem.va.gov/cems/lots/Albany_Rural.asp,4575bb54b696aa782df0155e4691dbc402574ffafb2bcd2055e076d156e854ac,candidate_not_approved
nca_088,Albany Rural Cemetery Soldiers' Lot,phone,518-463-7017,low,possibly_non_primary,https://www.cem.va.gov/cems/lots/Albany_Rural.asp,4575bb54b696aa782df0155e4691dbc402574ffafb2bcd2055e076d156e854ac,candidate_not_approved
nca_088,Albany Rural Cemetery Soldiers' Lot,phone,518-463-0787,low,possibly_non_primary,https://www.cem.va.gov/cems/lots/Albany_Rural.asp,4575bb54b696aa782df0155e4691dbc402574ffafb2bcd2055e076d156e854ac,candidate_not_approved
nca_088,Albany Rural Cemetery Soldiers' Lot,phone,800-799-4889,low,national_or_shared,https://www.cem.va.gov/cems/lots/Albany_Rural.asp,4575bb54b696aa782df0155e4691dbc402574ffafb2bcd2055e076d156e854ac,candidate_not_approved
nca_088,Albany Rural Cemetery Soldiers' Lot,hours,HOURS Visitation Hours: Open daily from sunrise to sunset.,medium,facility_hours_candidate,https://www.cem.va.gov/cems/lots/Albany_Rural.asp,4575bb54b696aa782df0155e4691dbc402574ffafb2bcd2055e076d156e854ac,candidate_not_approved
nca_088,Albany Rural Cemetery Soldiers' Lot,hours,Office Hours: Monday thru Friday 8:00 a.m.,medium,facility_hours_candidate,https://www.cem.va.gov/cems/lots/Albany_Rural.asp,4575bb54b696aa782df0155e4691dbc402574ffafb2bcd2055e076d156e854ac,candidate_not_approved
nca_088,Albany Rural Cemetery Soldiers' Lot,hours,Closed federal holidays.,low,facility_hours_candidate,https://www.cem.va.gov/cems/lots/Albany_Rural.asp,4575bb54b696aa782df0155e4691dbc402574ffafb2bcd2055e076d156e854ac,candidate_not_approved
nca_089,Fort McClellan EPW Cemetery,phone,205-665-9039,low,possibly_non_primary,https://www.cem.va.gov/cems/lots/FtMcClellanEPW.asp,7bb49f6e648f54528a4686a0f59d078c85c9b8fd13fbbc390f602ee58570dd22,candidate_not_approved
nca_089,Fort McClellan EPW Cemetery,phone,205-665-7790,low,possibly_non_primary,https://www.cem.va.gov/cems/lots/FtMcClellanEPW.asp,7bb49f6e648f54528a4686a0f59d078c85c9b8fd13fbbc390f602ee58570dd22,candidate_not_approved
nca_089,Fort McClellan EPW Cemetery,phone,866-900-6417,low,national_or_shared,https://www.cem.va.gov/cems/lots/FtMcClellanEPW.asp,7bb49f6e648f54528a4686a0f59d078c85c9b8fd13fbbc390f602ee58570dd22,candidate_not_approved
nca_089,Fort McClellan EPW Cemetery,phone,800-535-1117,low,national_or_shared,https://www.cem.va.gov/cems/lots/FtMcClellanEPW.asp,7bb49f6e648f54528a4686a0f59d078c85c9b8fd13fbbc390f602ee58570dd22,candidate_not_approved
nca_089,Fort McClellan EPW Cemetery,phone,800-799-4889,low,national_or_shared,https://www.cem.va.gov/cems/lots/FtMcClellanEPW.asp,7bb49f6e648f54528a4686a0f59d078c85c9b8fd13fbbc390f602ee58570dd22,candidate_not_approved
nca_089,Fort McClellan EPW Cemetery,hours,PW Cemetery HOURS Hours (visitation and office hours): Cemetery-Open daily from sunrise to sunset.,medium,facility_hours_candidate,https://www.cem.va.gov/cems/lots/FtMcClellanEPW.asp,7bb49f6e648f54528a4686a0f59d078c85c9b8fd13fbbc390f602ee58570dd22,candidate_not_approved
nca_089,Fort McClellan EPW Cemetery,hours,Please contact Alabama National Cemetery (Alabama National Cemetery office hours are Monday thru Friday 8:00 a.m.,medium,facility_hours_candidate,https://www.cem.va.gov/cems/lots/FtMcClellanEPW.asp,7bb49f6e648f54528a4686a0f59d078c85c9b8fd13fbbc390f602ee58570dd22,candidate_not_approved
nca_120,Allegheny Cemetery Soldiers' Lot,phone,724-746-4363,low,possibly_non_primary,https://www.cem.va.gov/cems/lots/Allegheny.asp,105a52897fcd3a7f50286c25c00daa3949f824b752b5076e841d55a702a5b958,candidate_not_approved
nca_120,Allegheny Cemetery Soldiers' Lot,phone,724-746-4360,low,possibly_non_primary,https://www.cem.va.gov/cems/lots/Allegheny.asp,105a52897fcd3a7f50286c25c00daa3949f824b752b5076e841d55a702a5b958,candidate_not_approved
nca_120,Allegheny Cemetery Soldiers' Lot,phone,866-900-6417,low,national_or_shared,https://www.cem.va.gov/cems/lots/Allegheny.asp,105a52897fcd3a7f50286c25c00daa3949f824b752b5076e841d55a702a5b958,candidate_not_approved
nca_120,Allegheny Cemetery Soldiers' Lot,phone,800-535-1117,low,national_or_shared,https://www.cem.va.gov/cems/lots/Allegheny.asp,105a52897fcd3a7f50286c25c00daa3949f824b752b5076e841d55a702a5b958,candidate_not_approved
nca_120,Allegheny Cemetery Soldiers' Lot,phone,412-682-1624,low,possibly_non_primary,https://www.cem.va.gov/cems/lots/Allegheny.asp,105a52897fcd3a7f50286c25c00daa3949f824b752b5076e841d55a702a5b958,candidate_not_approved
nca_120,Allegheny Cemetery Soldiers' Lot,phone,412-622-0655,low,possibly_non_primary,https://www.cem.va.gov/cems/lots/Allegheny.asp,105a52897fcd3a7f50286c25c00daa3949f824b752b5076e841d55a702a5b958,candidate_not_approved
nca_120,Allegheny Cemetery Soldiers' Lot,phone,800-799-4889,low,national_or_shared,https://www.cem.va.gov/cems/lots/Allegheny.asp,105a52897fcd3a7f50286c25c00daa3949f824b752b5076e841d55a702a5b958,candidate_not_approved
nca_120,Allegheny Cemetery Soldiers' Lot,hours,HOURS Visitation Hours: Open daily from sunrise to sunset.,medium,facility_hours_candidate,https://www.cem.va.gov/cems/lots/Allegheny.asp,105a52897fcd3a7f50286c25c00daa3949f824b752b5076e841d55a702a5b958,candidate_not_approved
nca_120,Allegheny Cemetery Soldiers' Lot,hours,Office Hours: Monday thru Friday 8:30 a.m.,medium,facility_hours_candidate,https://www.cem.va.gov/cems/lots/Allegheny.asp,105a52897fcd3a7f50286c25c00daa3949f824b752b5076e841d55a702a5b958,candidate_not_approved
nca_121,Ashland Cemetery Soldiers' Lot,phone,717-865-5254,low,possibly_non_primary,https://www.cem.va.gov/cems/lots/Ashland.asp,5e4a92a4c0cb1366fdea3cdcb26f85778010b3c9e242ce8801232529af50f3a4,candidate_not_approved
nca_121,Ashland Cemetery Soldiers' Lot,phone,717-865-5256,low,possibly_non_primary,https://www.cem.va.gov/cems/lots/Ashland.asp,5e4a92a4c0cb1366fdea3cdcb26f85778010b3c9e242ce8801232529af50f3a4,candidate_not_approved
nca_121,Ashland Cemetery Soldiers' Lot,phone,866-900-6417,low,national_or_shared,https://www.cem.va.gov/cems/lots/Ashland.asp,5e4a92a4c0cb1366fdea3cdcb26f85778010b3c9e242ce8801232529af50f3a4,candidate_not_approved
nca_121,Ashland Cemetery Soldiers' Lot,phone,800-535-1117,low,national_or_shared,https://www.cem.va.gov/cems/lots/Ashland.asp,5e4a92a4c0cb1366fdea3cdcb26f85778010b3c9e242ce8801232529af50f3a4,candidate_not_approved
nca_121,Ashland Cemetery Soldiers' Lot,phone,800-799-4889,low,national_or_shared,https://www.cem.va.gov/cems/lots/Ashland.asp,5e4a92a4c0cb1366fdea3cdcb26f85778010b3c9e242ce8801232529af50f3a4,candidate_not_approved
nca_121,Ashland Cemetery Soldiers' Lot,hours,HOURS Visitation Hours: Open daily from sunrise to sunset.,medium,facility_hours_candidate,https://www.cem.va.gov/cems/lots/Ashland.asp,5e4a92a4c0cb1366fdea3cdcb26f85778010b3c9e242ce8801232529af50f3a4,candidate_not_approved
nca_121,Ashland Cemetery Soldiers' Lot,hours,Office Hours: Monday through Friday 8:00 a.m.,medium,facility_hours_candidate,https://www.cem.va.gov/cems/lots/Ashland.asp,5e4a92a4c0cb1366fdea3cdcb26f85778010b3c9e242ce8801232529af50f3a4,candidate_not_approved
nca_121,Ashland Cemetery Soldiers' Lot,hours,Closed federal holidays except Memorial Day.,low,facility_hours_candidate,https://www.cem.va.gov/cems/lots/Ashland.asp,5e4a92a4c0cb1366fdea3cdcb26f85778010b3c9e242ce8801232529af50f3a4,candidate_not_approved
nca_122,Forest Home Cemetery Soldiers' Lot,phone,414-382-5300,low,possibly_non_primary,https://www.cem.va.gov/cems/lots/Forest_Home.asp,7d61f5f9c5f0e0bb5bd115f6d6f2e7ed6c73925a00036789811614413a9abaa0,candidate_not_approved
nca_122,Forest Home Cemetery Soldiers' Lot,phone,414-382-5321,low,possibly_non_primary,https://www.cem.va.gov/cems/lots/Forest_Home.asp,7d61f5f9c5f0e0bb5bd115f6d6f2e7ed6c73925a00036789811614413a9abaa0,candidate_not_approved
nca_122,Forest Home Cemetery Soldiers' Lot,phone,866-900-6417,low,national_or_shared,https://www.cem.va.gov/cems/lots/Forest_Home.asp,7d61f5f9c5f0e0bb5bd115f6d6f2e7ed6c73925a00036789811614413a9abaa0,candidate_not_approved
nca_122,Forest Home Cemetery Soldiers' Lot,phone,800-535-1117,low,national_or_shared,https://www.cem.va.gov/cems/lots/Forest_Home.asp,7d61f5f9c5f0e0bb5bd115f6d6f2e7ed6c73925a00036789811614413a9abaa0,candidate_not_approved
nca_122,Forest Home Cemetery Soldiers' Lot,phone,414-645-2632,low,possibly_non_primary,https://www.cem.va.gov/cems/lots/Forest_Home.asp,7d61f5f9c5f0e0bb5bd115f6d6f2e7ed6c73925a00036789811614413a9abaa0,candidate_not_approved
nca_122,Forest Home Cemetery Soldiers' Lot,phone,414-645-2637,low,possibly_non_primary,https://www.cem.va.gov/cems/lots/Forest_Home.asp,7d61f5f9c5f0e0bb5bd115f6d6f2e7ed6c73925a00036789811614413a9abaa0,candidate_not_approved
nca_122,Forest Home Cemetery Soldiers' Lot,phone,800-799-4889,low,national_or_shared,https://www.cem.va.gov/cems/lots/Forest_Home.asp,7d61f5f9c5f0e0bb5bd115f6d6f2e7ed6c73925a00036789811614413a9abaa0,candidate_not_approved
nca_122,Forest Home Cemetery Soldiers' Lot,hours,HOURS Visitation Hours: Open daily from sunrise to sunset.,medium,facility_hours_candidate,https://www.cem.va.gov/cems/lots/Forest_Home.asp,7d61f5f9c5f0e0bb5bd115f6d6f2e7ed6c73925a00036789811614413a9abaa0,candidate_not_approved
nca_122,Forest Home Cemetery Soldiers' Lot,hours,Office Hours: Monday thru Friday 8:00 a.m.,medium,facility_hours_candidate,https://www.cem.va.gov/cems/lots/Forest_Home.asp,7d61f5f9c5f0e0bb5bd115f6d6f2e7ed6c73925a00036789811614413a9abaa0,candidate_not_approved
nca_122,Forest Home Cemetery Soldiers' Lot,hours,Closed federal holidays except Memorial Day.,low,facility_hours_candidate,https://www.cem.va.gov/cems/lots/Forest_Home.asp,7d61f5f9c5f0e0bb5bd115f6d6f2e7ed6c73925a00036789811614413a9abaa0,candidate_not_approved
nca_123,Forest Hill Cemetery Soldiers' Lot,phone,414-382-5300,low,possibly_non_primary,https://www.cem.va.gov/cems/lots/Forest_Hill.asp,7a9aeb910be0107f21a3bddd6af42bb1393d93c37f47a27833f766fca8ed2643,candidate_not_approved
nca_123,Forest Hill Cemetery Soldiers' Lot,phone,414-382-5321,low,possibly_non_primary,https://www.cem.va.gov/cems/lots/Forest_Hill.asp,7a9aeb910be0107f21a3bddd6af42bb1393d93c37f47a27833f766fca8ed2643,candidate_not_approved
nca_123,Forest Hill Cemetery Soldiers' Lot,phone,866-900-6417,low,national_or_shared,https://www.cem.va.gov/cems/lots/Forest_Hill.asp,7a9aeb910be0107f21a3bddd6af42bb1393d93c37f47a27833f766fca8ed2643,candidate_not_approved
nca_123,Forest Hill Cemetery Soldiers' Lot,phone,800-535-1117,low,national_or_shared,https://www.cem.va.gov/cems/lots/Forest_Hill.asp,7a9aeb910be0107f21a3bddd6af42bb1393d93c37f47a27833f766fca8ed2643,candidate_not_approved
nca_123,Forest Hill Cemetery Soldiers' Lot,phone,608-266-4720,medium,facility_contact_candidate,https://www.cem.va.gov/cems/lots/Forest_Hill.asp,7a9aeb910be0107f21a3bddd6af42bb1393d93c37f47a27833f766fca8ed2643,candidate_not_approved
nca_123,Forest Hill Cemetery Soldiers' Lot,phone,800-799-4889,low,national_or_shared,https://www.cem.va.gov/cems/lots/Forest_Hill.asp,7a9aeb910be0107f21a3bddd6af42bb1393d93c37f47a27833f766fca8ed2643,candidate_not_approved
nca_123,Forest Hill Cemetery Soldiers' Lot,hours,HOURS Visitation Hours: Open daily from sunrise to sunset.,medium,facility_hours_candidate,https://www.cem.va.gov/cems/lots/Forest_Hill.asp,7a9aeb910be0107f21a3bddd6af42bb1393d93c37f47a27833f766fca8ed2643,candidate_not_approved
nca_123,Forest Hill Cemetery Soldiers' Lot,hours,Office Hours: Monday through Friday 8:00 a.m.,medium,facility_hours_candidate,https://www.cem.va.gov/cems/lots/Forest_Hill.asp,7a9aeb910be0107f21a3bddd6af42bb1393d93c37f47a27833f766fca8ed2643,candidate_not_approved
nca_123,Forest Hill Cemetery Soldiers' Lot,hours,Closed federal holidays except Memorial Day.,low,facility_hours_candidate,https://www.cem.va.gov/cems/lots/Forest_Hill.asp,7a9aeb910be0107f21a3bddd6af42bb1393d93c37f47a27833f766fca8ed2643,candidate_not_approved
nca_800,Alton National Cemetery,phone,314-845-8320,low,possibly_non_primary,https://www.cem.va.gov/cems/nchp/Alton.asp,b3897c8f4cc2d5b52200177ed7b87500470296bae970351aa9212f6d810913ba,candidate_not_approved
nca_800,Alton National Cemetery,phone,314-845-8355,low,possibly_non_primary,https://www.cem.va.gov/cems/nchp/Alton.asp,b3897c8f4cc2d5b52200177ed7b87500470296bae970351aa9212f6d810913ba,candidate_not_approved
nca_800,Alton National Cemetery,phone,866-900-6417,low,national_or_shared,https://www.cem.va.gov/cems/nchp/Alton.asp,b3897c8f4cc2d5b52200177ed7b87500470296bae970351aa9212f6d810913ba,candidate_not_approved
nca_800,Alton National Cemetery,phone,800-535-1117,low,national_or_shared,https://www.cem.va.gov/cems/nchp/Alton.asp,b3897c8f4cc2d5b52200177ed7b87500470296bae970351aa9212f6d810913ba,candidate_not_approved
nca_800,Alton National Cemetery,phone,800-799-4889,low,national_or_shared,https://www.cem.va.gov/cems/nchp/Alton.asp,b3897c8f4cc2d5b52200177ed7b87500470296bae970351aa9212f6d810913ba,candidate_not_approved
nca_800,Alton National Cemetery,hours,HOURS Visitation Hours: Open daily from dawn to dusk.,medium,facility_hours_candidate,https://www.cem.va.gov/cems/nchp/Alton.asp,b3897c8f4cc2d5b52200177ed7b87500470296bae970351aa9212f6d810913ba,candidate_not_approved
nca_800,Alton National Cemetery,hours,Office Hours: This cemetery is under the supervision of the Jefferson Barracks National Cemetery .,medium,facility_hours_candidate,https://www.cem.va.gov/cems/nchp/Alton.asp,b3897c8f4cc2d5b52200177ed7b87500470296bae970351aa9212f6d810913ba,candidate_not_approved
nca_801,Annapolis National Cemetery,phone,410-644-9696,low,possibly_non_primary,https://www.cem.va.gov/cems/nchp/Annapolis.asp,3be882114e69c72fb1a6174c2b5d87b906cbf9e3e4cdd71ab2576c2290bd0fa0,candidate_not_approved
nca_801,Annapolis National Cemetery,phone,410-644-1563,low,possibly_non_primary,https://www.cem.va.gov/cems/nchp/Annapolis.asp,3be882114e69c72fb1a6174c2b5d87b906cbf9e3e4cdd71ab2576c2290bd0fa0,candidate_not_approved
nca_801,Annapolis National Cemetery,phone,866-900-6417,low,national_or_shared,https://www.cem.va.gov/cems/nchp/Annapolis.asp,3be882114e69c72fb1a6174c2b5d87b906cbf9e3e4cdd71ab2576c2290bd0fa0,candidate_not_approved
nca_801,Annapolis National Cemetery,phone,800-535-1117,low,national_or_shared,https://www.cem.va.gov/cems/nchp/Annapolis.asp,3be882114e69c72fb1a6174c2b5d87b906cbf9e3e4cdd71ab2576c2290bd0fa0,candidate_not_approved
nca_801,Annapolis National Cemetery,phone,410-576-6133,low,contact_candidate,https://www.cem.va.gov/cems/nchp/Annapolis.asp,3be882114e69c72fb1a6174c2b5d87b906cbf9e3e4cdd71ab2576c2290bd0fa0,candidate_not_approved
nca_801,Annapolis National Cemetery,phone,301-677-2206,low,contact_candidate,https://www.cem.va.gov/cems/nchp/Annapolis.asp,3be882114e69c72fb1a6174c2b5d87b906cbf9e3e4cdd71ab2576c2290bd0fa0,candidate_not_approved
nca_801,Annapolis National Cemetery,phone,757-617-4971,low,contact_candidate,https://www.cem.va.gov/cems/nchp/Annapolis.asp,3be882114e69c72fb1a6174c2b5d87b906cbf9e3e4cdd71ab2576c2290bd0fa0,candidate_not_approved
nca_801,Annapolis National Cemetery,phone,757-686-4032,low,contact_candidate,https://www.cem.va.gov/cems/nchp/Annapolis.asp,3be882114e69c72fb1a6174c2b5d87b906cbf9e3e4cdd71ab2576c2290bd0fa0,candidate_not_approved
nca_801,Annapolis National Cemetery,phone,866-826-3628,low,contact_candidate,https://www.cem.va.gov/cems/nchp/Annapolis.asp,3be882114e69c72fb1a6174c2b5d87b906cbf9e3e4cdd71ab2576c2290bd0fa0,candidate_not_approved
nca_801,Annapolis National Cemetery,phone,301-677-0409,medium,facility_contact_candidate,https://www.cem.va.gov/cems/nchp/Annapolis.asp,3be882114e69c72fb1a6174c2b5d87b906cbf9e3e4cdd71ab2576c2290bd0fa0,candidate_not_approved
nca_801,Annapolis National Cemetery,phone,202-433-4589,medium,facility_contact_candidate,https://www.cem.va.gov/cems/nchp/Annapolis.asp,3be882114e69c72fb1a6174c2b5d87b906cbf9e3e4cdd71ab2576c2290bd0fa0,candidate_not_approved
nca_801,Annapolis National Cemetery,phone,800-799-4889,low,national_or_shared,https://www.cem.va.gov/cems/nchp/Annapolis.asp,3be882114e69c72fb1a6174c2b5d87b906cbf9e3e4cdd71ab2576c2290bd0fa0,candidate_not_approved
nca_801,Annapolis National Cemetery,hours,HOURS Visitation Hours: Open daily from sunrise to sunset.,medium,facility_hours_candidate,https://www.cem.va.gov/cems/nchp/Annapolis.asp,3be882114e69c72fb1a6174c2b5d87b906cbf9e3e4cdd71ab2576c2290bd0fa0,candidate_not_approved
nca_801,Annapolis National Cemetery,hours,Office Hours: This cemetery is supervised by the Baltimore National Cemetery .,medium,facility_hours_candidate,https://www.cem.va.gov/cems/nchp/Annapolis.asp,3be882114e69c72fb1a6174c2b5d87b906cbf9e3e4cdd71ab2576c2290bd0fa0,candidate_not_approved
nca_802,Baltimore National Cemetery,phone,410-644-9696,low,possibly_non_primary,https://www.cem.va.gov/cems/nchp/Baltimore.asp,1f3bec47ad252d9a27041907aec70336ac9b32a76f1cae773356f8826234b11c,candidate_not_approved
nca_802,Baltimore National Cemetery,phone,410-644-1563,low,possibly_non_primary,https://www.cem.va.gov/cems/nchp/Baltimore.asp,1f3bec47ad252d9a27041907aec70336ac9b32a76f1cae773356f8826234b11c,candidate_not_approved
nca_802,Baltimore National Cemetery,phone,866-900-6417,low,national_or_shared,https://www.cem.va.gov/cems/nchp/Baltimore.asp,1f3bec47ad252d9a27041907aec70336ac9b32a76f1cae773356f8826234b11c,candidate_not_approved
nca_802,Baltimore National Cemetery,phone,800-535-1117,low,national_or_shared,https://www.cem.va.gov/cems/nchp/Baltimore.asp,1f3bec47ad252d9a27041907aec70336ac9b32a76f1cae773356f8826234b11c,candidate_not_approved
nca_802,Baltimore National Cemetery,phone,301-677-2206,low,contact_candidate,https://www.cem.va.gov/cems/nchp/Baltimore.asp,1f3bec47ad252d9a27041907aec70336ac9b32a76f1cae773356f8826234b11c,candidate_not_approved
nca_802,Baltimore National Cemetery,phone,410-576-6133,low,contact_candidate,https://www.cem.va.gov/cems/nchp/Baltimore.asp,1f3bec47ad252d9a27041907aec70336ac9b32a76f1cae773356f8826234b11c,candidate_not_approved
nca_802,Baltimore National Cemetery,phone,757-617-4971,low,contact_candidate,https://www.cem.va.gov/cems/nchp/Baltimore.asp,1f3bec47ad252d9a27041907aec70336ac9b32a76f1cae773356f8826234b11c,candidate_not_approved
nca_802,Baltimore National Cemetery,phone,757-686-4032,low,contact_candidate,https://www.cem.va.gov/cems/nchp/Baltimore.asp,1f3bec47ad252d9a27041907aec70336ac9b32a76f1cae773356f8826234b11c,candidate_not_approved
nca_802,Baltimore National Cemetery,phone,866-826-3628,low,contact_candidate,https://www.cem.va.gov/cems/nchp/Baltimore.asp,1f3bec47ad252d9a27041907aec70336ac9b32a76f1cae773356f8826234b11c,candidate_not_approved
nca_802,Baltimore National Cemetery,phone,301-677-0409,medium,facility_contact_candidate,https://www.cem.va.gov/cems/nchp/Baltimore.asp,1f3bec47ad252d9a27041907aec70336ac9b32a76f1cae773356f8826234b11c,candidate_not_approved
nca_802,Baltimore National Cemetery,phone,202-433-4589,medium,facility_contact_candidate,https://www.cem.va.gov/cems/nchp/Baltimore.asp,1f3bec47ad252d9a27041907aec70336ac9b32a76f1cae773356f8826234b11c,candidate_not_approved
nca_802,Baltimore National Cemetery,phone,800-799-4889,low,national_or_shared,https://www.cem.va.gov/cems/nchp/Baltimore.asp,1f3bec47ad252d9a27041907aec70336ac9b32a76f1cae773356f8826234b11c,candidate_not_approved
nca_802,Baltimore National Cemetery,hours,HOURS Visitation Hours: Open daily from 8:00 a.m.,medium,facility_hours_candidate,https://www.cem.va.gov/cems/nchp/Baltimore.asp,1f3bec47ad252d9a27041907aec70336ac9b32a76f1cae773356f8826234b11c,candidate_not_approved
nca_802,Baltimore National Cemetery,hours,Office Hours: Monday thru Friday 8:00 a.m.,medium,facility_hours_candidate,https://www.cem.va.gov/cems/nchp/Baltimore.asp,1f3bec47ad252d9a27041907aec70336ac9b32a76f1cae773356f8826234b11c,candidate_not_approved
nca_802,Baltimore National Cemetery,hours,Closed federal holidays except Memorial Day 8:00 a.m.,low,facility_hours_candidate,https://www.cem.va.gov/cems/nchp/Baltimore.asp,1f3bec47ad252d9a27041907aec70336ac9b32a76f1cae773356f8826234b11c,candidate_not_approved
nca_803,Bath National Cemetery,phone,607-664-4853,low,possibly_non_primary,https://www.cem.va.gov/cems/nchp/Bath.asp,7a876ce1da7fa11a3e3b4b96e90c3f23bd49c701be493e4708f1021d1b30ef47,candidate_not_approved
nca_803,Bath National Cemetery,phone,607-664-4761,low,possibly_non_primary,https://www.cem.va.gov/cems/nchp/Bath.asp,7a876ce1da7fa11a3e3b4b96e90c3f23bd49c701be493e4708f1021d1b30ef47,candidate_not_approved
nca_803,Bath National Cemetery,phone,866-900-6417,low,national_or_shared,https://www.cem.va.gov/cems/nchp/Bath.asp,7a876ce1da7fa11a3e3b4b96e90c3f23bd49c701be493e4708f1021d1b30ef47,candidate_not_approved
nca_803,Bath National Cemetery,phone,800-535-1117,low,national_or_shared,https://www.cem.va.gov/cems/nchp/Bath.asp,7a876ce1da7fa11a3e3b4b96e90c3f23bd49c701be493e4708f1021d1b30ef47,candidate_not_approved
nca_803,Bath National Cemetery,phone,716-236-3182,low,possibly_non_primary,https://www.cem.va.gov/cems/nchp/Bath.asp,7a876ce1da7fa11a3e3b4b96e90c3f23bd49c701be493e4708f1021d1b30ef47,candidate_not_approved
nca_803,Bath National Cemetery,phone,518-344-2586,low,possibly_non_primary,https://www.cem.va.gov/cems/nchp/Bath.asp,7a876ce1da7fa11a3e3b4b96e90c3f23bd49c701be493e4708f1021d1b30ef47,candidate_not_approved
nca_803,Bath National Cemetery,phone,585-783-5356,low,possibly_non_primary,https://www.cem.va.gov/cems/nchp/Bath.asp,7a876ce1da7fa11a3e3b4b96e90c3f23bd49c701be493e4708f1021d1b30ef47,candidate_not_approved
nca_803,Bath National Cemetery,phone,716-374-3269,low,possibly_non_primary,https://www.cem.va.gov/cems/nchp/Bath.asp,7a876ce1da7fa11a3e3b4b96e90c3f23bd49c701be493e4708f1021d1b30ef47,candidate_not_approved
nca_803,Bath National Cemetery,phone,216-902-6117,low,possibly_non_primary,https://www.cem.va.gov/cems/nchp/Bath.asp,7a876ce1da7fa11a3e3b4b96e90c3f23bd49c701be493e4708f1021d1b30ef47,candidate_not_approved
nca_803,Bath National Cemetery,phone,866-826-3628,low,possibly_non_primary,https://www.cem.va.gov/cems/nchp/Bath.asp,7a876ce1da7fa11a3e3b4b96e90c3f23bd49c701be493e4708f1021d1b30ef47,candidate_not_approved
nca_803,Bath National Cemetery,phone,860-694-3475,medium,facility_contact_candidate,https://www.cem.va.gov/cems/nchp/Bath.asp,7a876ce1da7fa11a3e3b4b96e90c3f23bd49c701be493e4708f1021d1b30ef47,candidate_not_approved
nca_803,Bath National Cemetery,phone,800-799-4889,low,national_or_shared,https://www.cem.va.gov/cems/nchp/Bath.asp,7a876ce1da7fa11a3e3b4b96e90c3f23bd49c701be493e4708f1021d1b30ef47,candidate_not_approved
nca_803,Bath National Cemetery,hours,HOURS Visitation Hours: Open daily from sunrise to sunset.,medium,facility_hours_candidate,https://www.cem.va.gov/cems/nchp/Bath.asp,7a876ce1da7fa11a3e3b4b96e90c3f23bd49c701be493e4708f1021d1b30ef47,candidate_not_approved
nca_803,Bath National Cemetery,hours,Office Hours: Monday through Friday 8:00 a.m.,medium,facility_hours_candidate,https://www.cem.va.gov/cems/nchp/Bath.asp,7a876ce1da7fa11a3e3b4b96e90c3f23bd49c701be493e4708f1021d1b30ef47,candidate_not_approved
nca_803,Bath National Cemetery,hours,Closed federal holidays.,low,facility_hours_candidate,https://www.cem.va.gov/cems/nchp/Bath.asp,7a876ce1da7fa11a3e3b4b96e90c3f23bd49c701be493e4708f1021d1b30ef47,candidate_not_approved
nca_804,Beverly National Cemetery,phone,215-222-7510,low,possibly_non_primary,https://www.cem.va.gov/cems/nchp/Beverly.asp,5848f9e87a1682847b4545bd69f6c2b7c79bf1a393d49cf3d01a29ef2adb66ae,candidate_not_approved
nca_804,Beverly National Cemetery,phone,215-895-3531,low,possibly_non_primary,https://www.cem.va.gov/cems/nchp/Beverly.asp,5848f9e87a1682847b4545bd69f6c2b7c79bf1a393d49cf3d01a29ef2adb66ae,candidate_not_approved
nca_804,Beverly National Cemetery,phone,866-900-6417,low,national_or_shared,https://www.cem.va.gov/cems/nchp/Beverly.asp,5848f9e87a1682847b4545bd69f6c2b7c79bf1a393d49cf3d01a29ef2adb66ae,candidate_not_approved
nca_804,Beverly National Cemetery,phone,800-535-1117,low,national_or_shared,https://www.cem.va.gov/cems/nchp/Beverly.asp,5848f9e87a1682847b4545bd69f6c2b7c79bf1a393d49cf3d01a29ef2adb66ae,candidate_not_approved
nca_804,Beverly National Cemetery,phone,800-799-4889,low,national_or_shared,https://www.cem.va.gov/cems/nchp/Beverly.asp,5848f9e87a1682847b4545bd69f6c2b7c79bf1a393d49cf3d01a29ef2adb66ae,candidate_not_approved
nca_804,Beverly National Cemetery,hours,HOURS Visitation Hours: Open daily from 8:00 a.m.,medium,facility_hours_candidate,https://www.cem.va.gov/cems/nchp/Beverly.asp,5848f9e87a1682847b4545bd69f6c2b7c79bf1a393d49cf3d01a29ef2adb66ae,candidate_not_approved
nca_804,Beverly National Cemetery,hours,Office Hours: This cemetery is administered by Washington Crossing National Cemetery .,medium,facility_hours_candidate,https://www.cem.va.gov/cems/nchp/Beverly.asp,5848f9e87a1682847b4545bd69f6c2b7c79bf1a393d49cf3d01a29ef2adb66ae,candidate_not_approved
nca_805,Calverton National Cemetery,phone,631-727-5410,low,possibly_non_primary,https://www.cem.va.gov/cems/nchp/Calverton.asp,7d5baca17181ab0123b3d75f0cc8395c436a72ce2581d849876ba5529d7706a0,candidate_not_approved
nca_805,Calverton National Cemetery,phone,631-369-4397,low,possibly_non_primary,https://www.cem.va.gov/cems/nchp/Calverton.asp,7d5baca17181ab0123b3d75f0cc8395c436a72ce2581d849876ba5529d7706a0,candidate_not_approved
nca_805,Calverton National Cemetery,phone,866-900-6417,low,national_or_shared,https://www.cem.va.gov/cems/nchp/Calverton.asp,7d5baca17181ab0123b3d75f0cc8395c436a72ce2581d849876ba5529d7706a0,candidate_not_approved
nca_805,Calverton National Cemetery,phone,800-535-1117,low,national_or_shared,https://www.cem.va.gov/cems/nchp/Calverton.asp,7d5baca17181ab0123b3d75f0cc8395c436a72ce2581d849876ba5529d7706a0,candidate_not_approved
nca_805,Calverton National Cemetery,phone,800-799-4889,low,national_or_shared,https://www.cem.va.gov/cems/nchp/Calverton.asp,7d5baca17181ab0123b3d75f0cc8395c436a72ce2581d849876ba5529d7706a0,candidate_not_approved
nca_805,Calverton National Cemetery,hours,HOURS Visitation Hours: Open daily from sunrise to sunset.,medium,facility_hours_candidate,https://www.cem.va.gov/cems/nchp/Calverton.asp,7d5baca17181ab0123b3d75f0cc8395c436a72ce2581d849876ba5529d7706a0,candidate_not_approved
nca_805,Calverton National Cemetery,hours,Office Hours: Monday through Friday 8:00 a.m.,medium,facility_hours_candidate,https://www.cem.va.gov/cems/nchp/Calverton.asp,7d5baca17181ab0123b3d75f0cc8395c436a72ce2581d849876ba5529d7706a0,candidate_not_approved
nca_805,Calverton National Cemetery,hours,Cemetery personnel are available to assist visitors during office hours.,medium,facility_hours_candidate,https://www.cem.va.gov/cems/nchp/Calverton.asp,7d5baca17181ab0123b3d75f0cc8395c436a72ce2581d849876ba5529d7706a0,candidate_not_approved
